
> biryanibet-react-frontend@0.1.0 start
> react-scripts start

Starting the development server...

Compiled successfully!

You can now view biryanibet-react-frontend in the browser.

  Local:            http://localhost:3002
  On Your Network:  http://192.168.0.205:3002

Note that the development build is not optimized.
To create a production build, use npm run build.

webpack compiled [1m[32msuccessfully[39m[22m
Failed to compile.

Module not found: Error: Can't resolve 'views/guest' in 'D:\BIGSLICKGAMES\games\Bigslickgames\src\routes'
[1m[31mERROR[39m[22m in [1m./src/routes/Router.jsx[39m[22m [1m[32m15:51-72[39m[22m
[1mModule [1m[31mnot found[39m[22m[1m: [1m[31mError[39m[22m[1m: Can't resolve 'views/guest' in 'D:\BIGSLICKGAMES\games\Bigslickgames\src\routes'[39m[22m

webpack compiled with [1m[31m1 error[39m[22m
Compiling...
Compiled successfully!
webpack compiled [1m[32msuccessfully[39m[22m
Failed to compile.

Module not found: Error: Can't resolve 'views/guest/tutorial' in 'D:\BIGSLICKGAMES\games\Bigslickgames\src\routes'
[1m[31mERROR[39m[22m in [1m./src/routes/Router.jsx[39m[22m [1m[32m19:60-90[39m[22m
[1mModule [1m[31mnot found[39m[22m[1m: [1m[31mError[39m[22m[1m: Can't resolve 'views/guest/tutorial' in 'D:\BIGSLICKGAMES\games\Bigslickgames\src\routes'[39m[22m

webpack compiled with [1m[31m1 error[39m[22m
Compiling...
Compiled successfully!
webpack compiled [1m[32msuccessfully[39m[22m
Compiling...
Compiled successfully!
webpack compiled [1m[32msuccessfully[39m[22m
Compiling...
Compiled successfully!
[1mLOG from ./node_modules/sass-loader/dist/cjs.js sass-loader ./node_modules/css-loader/dist/cjs.js??ruleSet[1].rules[1].oneOf[7].use[1]!./node_modules/postcss-loader/dist/cjs.js??ruleSet[1].rules[1].oneOf[7].use[2]!./node_modules/resolve-url-loader/index.js??ruleSet[1].rules[1].oneOf[7].use[3]!./node_modules/sass-loader/dist/cjs.js??ruleSet[1].rules[1].oneOf[7].use[4]!./src/assets/scss/main.scss[39m[22m
<w> [1m[33mDeprecation The legacy JS API is deprecated and will be removed in Dart Sass 2.0.0.[39m[22m
<w> [1m[33m[39m[22m
<w> [1m[33mMore info: https://sass-lang.com/d/legacy-js-api[39m[22m
<w> [1m[33m[39m[22m
<w> [1m[33mnull[39m[22m
<w> [1m[33mDeprecation Sass @import rules are deprecated and will be removed in Dart Sass 3.0.0.[39m[22m
<w> [1m[33m[39m[22m
<w> [1m[33mMore info and automated migrator: https://sass-lang.com/d/import[39m[22m
<w> [1m[33m[39m[22m
<w> [1m[33msrc\assets\scss\main.scss 2:9  root stylesheet[39m[22m
<w> [1m[33m[39m[22m
<w> [1m[33mDeprecation Sass @import rules are deprecated and will be removed in Dart Sass 3.0.0.[39m[22m
<w> [1m[33m[39m[22m
<w> [1m[33mMore info and automated migrator: https://sass-lang.com/d/import[39m[22m
<w> [1m[33m[39m[22m
<w> [1m[33msrc\assets\scss\main.scss 3:9  root stylesheet[39m[22m
<w> [1m[33m[39m[22m
<w> [1m[33mDeprecation Sass @import rules are deprecated and will be removed in Dart Sass 3.0.0.[39m[22m
<w> [1m[33m[39m[22m
<w> [1m[33mMore info and automated migrator: https://sass-lang.com/d/import[39m[22m
<w> [1m[33m[39m[22m
<w> [1m[33msrc\assets\scss\main.scss 4:9  root stylesheet[39m[22m
<w> [1m[33m[39m[22m
<w> [1m[33mDeprecation Sass @import rules are deprecated and will be removed in Dart Sass 3.0.0.[39m[22m
<w> [1m[33m[39m[22m
<w> [1m[33mMore info and automated migrator: https://sass-lang.com/d/import[39m[22m
<w> [1m[33m[39m[22m
<w> [1m[33msrc\assets\scss\main.scss 7:9  root stylesheet[39m[22m
<w> [1m[33m[39m[22m
<w> [1m[33mDeprecation Sass @import rules are deprecated and will be removed in Dart Sass 3.0.0.[39m[22m
<w> [1m[33m[39m[22m
<w> [1m[33mMore info and automated migrator: https://sass-lang.com/d/import[39m[22m
<w> [1m[33m[39m[22m
<w> [1m[33msrc\assets\scss\main.scss 8:9  root stylesheet[39m[22m
<w> [1m[33m[39m[22m
<w> [1m[33mDeprecation Global built-in functions are deprecated and will be removed in Dart Sass 3.0.0.[39m[22m
<w> [1m[33mUse map.has-key instead.[39m[22m
<w> [1m[33m[39m[22m
<w> [1m[33mMore info and automated migrator: https://sass-lang.com/d/import[39m[22m
<w> [1m[33m[39m[22m
<w> [1m[33msrc\assets\scss\helper\_media-queries.scss 2:7              media-max()[39m[22m
<w> [1m[33msrc\assets\scss\components\header\_header-public.scss 53:1  @import[39m[22m
<w> [1m[33msrc\assets\scss\main.scss 16:9                              root stylesheet[39m[22m
<w> [1m[33m[39m[22m
<w> [1m[33mDeprecation Global built-in functions are deprecated and will be removed in Dart Sass 3.0.0.[39m[22m
<w> [1m[33mUse map.get instead.[39m[22m
<w> [1m[33m[39m[22m
<w> [1m[33mMore info and automated migrator: https://sass-lang.com/d/import[39m[22m
<w> [1m[33m[39m[22m
<w> [1m[33msrc\assets\scss\helper\_media-queries.scss 4:24             media-max()[39m[22m
<w> [1m[33msrc\assets\scss\components\header\_header-public.scss 53:1  @import[39m[22m
<w> [1m[33msrc\assets\scss\main.scss 16:9                              root stylesheet[39m[22m
<w> [1m[33m[39m[22m
<w> [1m[33mDeprecation Global built-in functions are deprecated and will be removed in Dart Sass 3.0.0.[39m[22m
<w> [1m[33mUse map.has-key instead.[39m[22m
<w> [1m[33m[39m[22m
<w> [1m[33mMore info and automated migrator: https://sass-lang.com/d/import[39m[22m
<w> [1m[33m[39m[22m
<w> [1m[33msrc\assets\scss\helper\_media-queries.scss 17:7  media-min()[39m[22m
<w> [1m[33msrc\assets\scss\views\guest\_guest.scss 853:5    @import[39m[22m
<w> [1m[33msrc\assets\scss\main.scss 23:9                   root stylesheet[39m[22m
<w> [1m[33m[39m[22m
<w> [1m[33mDeprecation Global built-in functions are deprecated and will be removed in Dart Sass 3.0.0.[39m[22m
<w> [1m[33mUse map.get instead.[39m[22m
<w> [1m[33m[39m[22m
<w> [1m[33mMore info and automated migrator: https://sass-lang.com/d/import[39m[22m
<w> [1m[33m[39m[22m
<w> [1m[33msrc\assets\scss\helper\_media-queries.scss 19:24  media-min()[39m[22m
<w> [1m[33msrc\assets\scss\views\guest\_guest.scss 853:5     @import[39m[22m
<w> [1m[33msrc\assets\scss\main.scss 23:9                    root stylesheet[39m[22m
<w> [1m[33m[39m[22m
<w> [1m[33m21 repetitive deprecation warnings omitted.[39m[22m
<w> [1m[33m[39m[22m
<w> [1m[33mnull[39m[22m

webpack compiled [1m[32msuccessfully[39m[22m
Compiling...
Compiled successfully!
[1mLOG from ./node_modules/sass-loader/dist/cjs.js sass-loader ./node_modules/css-loader/dist/cjs.js??ruleSet[1].rules[1].oneOf[7].use[1]!./node_modules/postcss-loader/dist/cjs.js??ruleSet[1].rules[1].oneOf[7].use[2]!./node_modules/resolve-url-loader/index.js??ruleSet[1].rules[1].oneOf[7].use[3]!./node_modules/sass-loader/dist/cjs.js??ruleSet[1].rules[1].oneOf[7].use[4]!./src/assets/scss/main.scss[39m[22m
<w> [1m[33mDeprecation The legacy JS API is deprecated and will be removed in Dart Sass 2.0.0.[39m[22m
<w> [1m[33m[39m[22m
<w> [1m[33mMore info: https://sass-lang.com/d/legacy-js-api[39m[22m
<w> [1m[33m[39m[22m
<w> [1m[33mnull[39m[22m
<w> [1m[33mDeprecation Sass @import rules are deprecated and will be removed in Dart Sass 3.0.0.[39m[22m
<w> [1m[33m[39m[22m
<w> [1m[33mMore info and automated migrator: https://sass-lang.com/d/import[39m[22m
<w> [1m[33m[39m[22m
<w> [1m[33msrc\assets\scss\main.scss 2:9  root stylesheet[39m[22m
<w> [1m[33m[39m[22m
<w> [1m[33mDeprecation Sass @import rules are deprecated and will be removed in Dart Sass 3.0.0.[39m[22m
<w> [1m[33m[39m[22m
<w> [1m[33mMore info and automated migrator: https://sass-lang.com/d/import[39m[22m
<w> [1m[33m[39m[22m
<w> [1m[33msrc\assets\scss\main.scss 3:9  root stylesheet[39m[22m
<w> [1m[33m[39m[22m
<w> [1m[33mDeprecation Sass @import rules are deprecated and will be removed in Dart Sass 3.0.0.[39m[22m
<w> [1m[33m[39m[22m
<w> [1m[33mMore info and automated migrator: https://sass-lang.com/d/import[39m[22m
<w> [1m[33m[39m[22m
<w> [1m[33msrc\assets\scss\main.scss 4:9  root stylesheet[39m[22m
<w> [1m[33m[39m[22m
<w> [1m[33mDeprecation Sass @import rules are deprecated and will be removed in Dart Sass 3.0.0.[39m[22m
<w> [1m[33m[39m[22m
<w> [1m[33mMore info and automated migrator: https://sass-lang.com/d/import[39m[22m
<w> [1m[33m[39m[22m
<w> [1m[33msrc\assets\scss\main.scss 7:9  root stylesheet[39m[22m
<w> [1m[33m[39m[22m
<w> [1m[33mDeprecation Sass @import rules are deprecated and will be removed in Dart Sass 3.0.0.[39m[22m
<w> [1m[33m[39m[22m
<w> [1m[33mMore info and automated migrator: https://sass-lang.com/d/import[39m[22m
<w> [1m[33m[39m[22m
<w> [1m[33msrc\assets\scss\main.scss 8:9  root stylesheet[39m[22m
<w> [1m[33m[39m[22m
<w> [1m[33mDeprecation Global built-in functions are deprecated and will be removed in Dart Sass 3.0.0.[39m[22m
<w> [1m[33mUse map.has-key instead.[39m[22m
<w> [1m[33m[39m[22m
<w> [1m[33mMore info and automated migrator: https://sass-lang.com/d/import[39m[22m
<w> [1m[33m[39m[22m
<w> [1m[33msrc\assets\scss\helper\_media-queries.scss 2:7              media-max()[39m[22m
<w> [1m[33msrc\assets\scss\components\header\_header-public.scss 53:1  @import[39m[22m
<w> [1m[33msrc\assets\scss\main.scss 16:9                              root stylesheet[39m[22m
<w> [1m[33m[39m[22m
<w> [1m[33mDeprecation Global built-in functions are deprecated and will be removed in Dart Sass 3.0.0.[39m[22m
<w> [1m[33mUse map.get instead.[39m[22m
<w> [1m[33m[39m[22m
<w> [1m[33mMore info and automated migrator: https://sass-lang.com/d/import[39m[22m
<w> [1m[33m[39m[22m
<w> [1m[33msrc\assets\scss\helper\_media-queries.scss 4:24             media-max()[39m[22m
<w> [1m[33msrc\assets\scss\components\header\_header-public.scss 53:1  @import[39m[22m
<w> [1m[33msrc\assets\scss\main.scss 16:9                              root stylesheet[39m[22m
<w> [1m[33m[39m[22m
<w> [1m[33mDeprecation Global built-in functions are deprecated and will be removed in Dart Sass 3.0.0.[39m[22m
<w> [1m[33mUse map.has-key instead.[39m[22m
<w> [1m[33m[39m[22m
<w> [1m[33mMore info and automated migrator: https://sass-lang.com/d/import[39m[22m
<w> [1m[33m[39m[22m
<w> [1m[33msrc\assets\scss\helper\_media-queries.scss 17:7  media-min()[39m[22m
<w> [1m[33msrc\assets\scss\views\guest\_guest.scss 943:5    @import[39m[22m
<w> [1m[33msrc\assets\scss\main.scss 23:9                   root stylesheet[39m[22m
<w> [1m[33m[39m[22m
<w> [1m[33mDeprecation Global built-in functions are deprecated and will be removed in Dart Sass 3.0.0.[39m[22m
<w> [1m[33mUse map.get instead.[39m[22m
<w> [1m[33m[39m[22m
<w> [1m[33mMore info and automated migrator: https://sass-lang.com/d/import[39m[22m
<w> [1m[33m[39m[22m
<w> [1m[33msrc\assets\scss\helper\_media-queries.scss 19:24  media-min()[39m[22m
<w> [1m[33msrc\assets\scss\views\guest\_guest.scss 943:5     @import[39m[22m
<w> [1m[33msrc\assets\scss\main.scss 23:9                    root stylesheet[39m[22m
<w> [1m[33m[39m[22m
<w> [1m[33m21 repetitive deprecation warnings omitted.[39m[22m
<w> [1m[33m[39m[22m
<w> [1m[33mnull[39m[22m

webpack compiled [1m[32msuccessfully[39m[22m
Compiling...
Compiled successfully!
[1mLOG from ./node_modules/sass-loader/dist/cjs.js sass-loader ./node_modules/css-loader/dist/cjs.js??ruleSet[1].rules[1].oneOf[7].use[1]!./node_modules/postcss-loader/dist/cjs.js??ruleSet[1].rules[1].oneOf[7].use[2]!./node_modules/resolve-url-loader/index.js??ruleSet[1].rules[1].oneOf[7].use[3]!./node_modules/sass-loader/dist/cjs.js??ruleSet[1].rules[1].oneOf[7].use[4]!./src/assets/scss/main.scss[39m[22m
<w> [1m[33mDeprecation The legacy JS API is deprecated and will be removed in Dart Sass 2.0.0.[39m[22m
<w> [1m[33m[39m[22m
<w> [1m[33mMore info: https://sass-lang.com/d/legacy-js-api[39m[22m
<w> [1m[33m[39m[22m
<w> [1m[33mnull[39m[22m
<w> [1m[33mDeprecation Sass @import rules are deprecated and will be removed in Dart Sass 3.0.0.[39m[22m
<w> [1m[33m[39m[22m
<w> [1m[33mMore info and automated migrator: https://sass-lang.com/d/import[39m[22m
<w> [1m[33m[39m[22m
<w> [1m[33msrc\assets\scss\main.scss 2:9  root stylesheet[39m[22m
<w> [1m[33m[39m[22m
<w> [1m[33mDeprecation Sass @import rules are deprecated and will be removed in Dart Sass 3.0.0.[39m[22m
<w> [1m[33m[39m[22m
<w> [1m[33mMore info and automated migrator: https://sass-lang.com/d/import[39m[22m
<w> [1m[33m[39m[22m
<w> [1m[33msrc\assets\scss\main.scss 3:9  root stylesheet[39m[22m
<w> [1m[33m[39m[22m
<w> [1m[33mDeprecation Sass @import rules are deprecated and will be removed in Dart Sass 3.0.0.[39m[22m
<w> [1m[33m[39m[22m
<w> [1m[33mMore info and automated migrator: https://sass-lang.com/d/import[39m[22m
<w> [1m[33m[39m[22m
<w> [1m[33msrc\assets\scss\main.scss 4:9  root stylesheet[39m[22m
<w> [1m[33m[39m[22m
<w> [1m[33mDeprecation Sass @import rules are deprecated and will be removed in Dart Sass 3.0.0.[39m[22m
<w> [1m[33m[39m[22m
<w> [1m[33mMore info and automated migrator: https://sass-lang.com/d/import[39m[22m
<w> [1m[33m[39m[22m
<w> [1m[33msrc\assets\scss\main.scss 7:9  root stylesheet[39m[22m
<w> [1m[33m[39m[22m
<w> [1m[33mDeprecation Sass @import rules are deprecated and will be removed in Dart Sass 3.0.0.[39m[22m
<w> [1m[33m[39m[22m
<w> [1m[33mMore info and automated migrator: https://sass-lang.com/d/import[39m[22m
<w> [1m[33m[39m[22m
<w> [1m[33msrc\assets\scss\main.scss 8:9  root stylesheet[39m[22m
<w> [1m[33m[39m[22m
<w> [1m[33mDeprecation Global built-in functions are deprecated and will be removed in Dart Sass 3.0.0.[39m[22m
<w> [1m[33mUse map.has-key instead.[39m[22m
<w> [1m[33m[39m[22m
<w> [1m[33mMore info and automated migrator: https://sass-lang.com/d/import[39m[22m
<w> [1m[33m[39m[22m
<w> [1m[33msrc\assets\scss\helper\_media-queries.scss 2:7              media-max()[39m[22m
<w> [1m[33msrc\assets\scss\components\header\_header-public.scss 53:1  @import[39m[22m
<w> [1m[33msrc\assets\scss\main.scss 16:9                              root stylesheet[39m[22m
<w> [1m[33m[39m[22m
<w> [1m[33mDeprecation Global built-in functions are deprecated and will be removed in Dart Sass 3.0.0.[39m[22m
<w> [1m[33mUse map.get instead.[39m[22m
<w> [1m[33m[39m[22m
<w> [1m[33mMore info and automated migrator: https://sass-lang.com/d/import[39m[22m
<w> [1m[33m[39m[22m
<w> [1m[33msrc\assets\scss\helper\_media-queries.scss 4:24             media-max()[39m[22m
<w> [1m[33msrc\assets\scss\components\header\_header-public.scss 53:1  @import[39m[22m
<w> [1m[33msrc\assets\scss\main.scss 16:9                              root stylesheet[39m[22m
<w> [1m[33m[39m[22m
<w> [1m[33mDeprecation Global built-in functions are deprecated and will be removed in Dart Sass 3.0.0.[39m[22m
<w> [1m[33mUse map.has-key instead.[39m[22m
<w> [1m[33m[39m[22m
<w> [1m[33mMore info and automated migrator: https://sass-lang.com/d/import[39m[22m
<w> [1m[33m[39m[22m
<w> [1m[33msrc\assets\scss\helper\_media-queries.scss 17:7  media-min()[39m[22m
<w> [1m[33msrc\assets\scss\views\guest\_guest.scss 943:5    @import[39m[22m
<w> [1m[33msrc\assets\scss\main.scss 23:9                   root stylesheet[39m[22m
<w> [1m[33m[39m[22m
<w> [1m[33mDeprecation Global built-in functions are deprecated and will be removed in Dart Sass 3.0.0.[39m[22m
<w> [1m[33mUse map.get instead.[39m[22m
<w> [1m[33m[39m[22m
<w> [1m[33mMore info and automated migrator: https://sass-lang.com/d/import[39m[22m
<w> [1m[33m[39m[22m
<w> [1m[33msrc\assets\scss\helper\_media-queries.scss 19:24  media-min()[39m[22m
<w> [1m[33msrc\assets\scss\views\guest\_guest.scss 943:5     @import[39m[22m
<w> [1m[33msrc\assets\scss\main.scss 23:9                    root stylesheet[39m[22m
<w> [1m[33m[39m[22m
<w> [1m[33m21 repetitive deprecation warnings omitted.[39m[22m
<w> [1m[33m[39m[22m
<w> [1m[33mnull[39m[22m

webpack compiled [1m[32msuccessfully[39m[22m
Compiling...
Compiled successfully!
webpack compiled [1m[32msuccessfully[39m[22m
Compiling...
Compiled successfully!
[1mLOG from ./node_modules/sass-loader/dist/cjs.js sass-loader ./node_modules/css-loader/dist/cjs.js??ruleSet[1].rules[1].oneOf[7].use[1]!./node_modules/postcss-loader/dist/cjs.js??ruleSet[1].rules[1].oneOf[7].use[2]!./node_modules/resolve-url-loader/index.js??ruleSet[1].rules[1].oneOf[7].use[3]!./node_modules/sass-loader/dist/cjs.js??ruleSet[1].rules[1].oneOf[7].use[4]!./src/assets/scss/main.scss[39m[22m
<w> [1m[33mDeprecation The legacy JS API is deprecated and will be removed in Dart Sass 2.0.0.[39m[22m
<w> [1m[33m[39m[22m
<w> [1m[33mMore info: https://sass-lang.com/d/legacy-js-api[39m[22m
<w> [1m[33m[39m[22m
<w> [1m[33mnull[39m[22m
<w> [1m[33mDeprecation Sass @import rules are deprecated and will be removed in Dart Sass 3.0.0.[39m[22m
<w> [1m[33m[39m[22m
<w> [1m[33mMore info and automated migrator: https://sass-lang.com/d/import[39m[22m
<w> [1m[33m[39m[22m
<w> [1m[33msrc\assets\scss\main.scss 2:9  root stylesheet[39m[22m
<w> [1m[33m[39m[22m
<w> [1m[33mDeprecation Sass @import rules are deprecated and will be removed in Dart Sass 3.0.0.[39m[22m
<w> [1m[33m[39m[22m
<w> [1m[33mMore info and automated migrator: https://sass-lang.com/d/import[39m[22m
<w> [1m[33m[39m[22m
<w> [1m[33msrc\assets\scss\main.scss 3:9  root stylesheet[39m[22m
<w> [1m[33m[39m[22m
<w> [1m[33mDeprecation Sass @import rules are deprecated and will be removed in Dart Sass 3.0.0.[39m[22m
<w> [1m[33m[39m[22m
<w> [1m[33mMore info and automated migrator: https://sass-lang.com/d/import[39m[22m
<w> [1m[33m[39m[22m
<w> [1m[33msrc\assets\scss\main.scss 4:9  root stylesheet[39m[22m
<w> [1m[33m[39m[22m
<w> [1m[33mDeprecation Sass @import rules are deprecated and will be removed in Dart Sass 3.0.0.[39m[22m
<w> [1m[33m[39m[22m
<w> [1m[33mMore info and automated migrator: https://sass-lang.com/d/import[39m[22m
<w> [1m[33m[39m[22m
<w> [1m[33msrc\assets\scss\main.scss 7:9  root stylesheet[39m[22m
<w> [1m[33m[39m[22m
<w> [1m[33mDeprecation Sass @import rules are deprecated and will be removed in Dart Sass 3.0.0.[39m[22m
<w> [1m[33m[39m[22m
<w> [1m[33mMore info and automated migrator: https://sass-lang.com/d/import[39m[22m
<w> [1m[33m[39m[22m
<w> [1m[33msrc\assets\scss\main.scss 8:9  root stylesheet[39m[22m
<w> [1m[33m[39m[22m
<w> [1m[33mDeprecation Global built-in functions are deprecated and will be removed in Dart Sass 3.0.0.[39m[22m
<w> [1m[33mUse map.has-key instead.[39m[22m
<w> [1m[33m[39m[22m
<w> [1m[33mMore info and automated migrator: https://sass-lang.com/d/import[39m[22m
<w> [1m[33m[39m[22m
<w> [1m[33msrc\assets\scss\helper\_media-queries.scss 2:7              media-max()[39m[22m
<w> [1m[33msrc\assets\scss\components\header\_header-public.scss 53:1  @import[39m[22m
<w> [1m[33msrc\assets\scss\main.scss 16:9                              root stylesheet[39m[22m
<w> [1m[33m[39m[22m
<w> [1m[33mDeprecation Global built-in functions are deprecated and will be removed in Dart Sass 3.0.0.[39m[22m
<w> [1m[33mUse map.get instead.[39m[22m
<w> [1m[33m[39m[22m
<w> [1m[33mMore info and automated migrator: https://sass-lang.com/d/import[39m[22m
<w> [1m[33m[39m[22m
<w> [1m[33msrc\assets\scss\helper\_media-queries.scss 4:24             media-max()[39m[22m
<w> [1m[33msrc\assets\scss\components\header\_header-public.scss 53:1  @import[39m[22m
<w> [1m[33msrc\assets\scss\main.scss 16:9                              root stylesheet[39m[22m
<w> [1m[33m[39m[22m
<w> [1m[33mDeprecation Global built-in functions are deprecated and will be removed in Dart Sass 3.0.0.[39m[22m
<w> [1m[33mUse map.has-key instead.[39m[22m
<w> [1m[33m[39m[22m
<w> [1m[33mMore info and automated migrator: https://sass-lang.com/d/import[39m[22m
<w> [1m[33m[39m[22m
<w> [1m[33msrc\assets\scss\helper\_media-queries.scss 17:7  media-min()[39m[22m
<w> [1m[33msrc\assets\scss\views\guest\_guest.scss 947:5    @import[39m[22m
<w> [1m[33msrc\assets\scss\main.scss 23:9                   root stylesheet[39m[22m
<w> [1m[33m[39m[22m
<w> [1m[33mDeprecation Global built-in functions are deprecated and will be removed in Dart Sass 3.0.0.[39m[22m
<w> [1m[33mUse map.get instead.[39m[22m
<w> [1m[33m[39m[22m
<w> [1m[33mMore info and automated migrator: https://sass-lang.com/d/import[39m[22m
<w> [1m[33m[39m[22m
<w> [1m[33msrc\assets\scss\helper\_media-queries.scss 19:24  media-min()[39m[22m
<w> [1m[33msrc\assets\scss\views\guest\_guest.scss 947:5     @import[39m[22m
<w> [1m[33msrc\assets\scss\main.scss 23:9                    root stylesheet[39m[22m
<w> [1m[33m[39m[22m
<w> [1m[33m21 repetitive deprecation warnings omitted.[39m[22m
<w> [1m[33m[39m[22m
<w> [1m[33mnull[39m[22m

webpack compiled [1m[32msuccessfully[39m[22m
Compiling...
Compiled successfully!
[1mLOG from ./node_modules/sass-loader/dist/cjs.js sass-loader ./node_modules/css-loader/dist/cjs.js??ruleSet[1].rules[1].oneOf[7].use[1]!./node_modules/postcss-loader/dist/cjs.js??ruleSet[1].rules[1].oneOf[7].use[2]!./node_modules/resolve-url-loader/index.js??ruleSet[1].rules[1].oneOf[7].use[3]!./node_modules/sass-loader/dist/cjs.js??ruleSet[1].rules[1].oneOf[7].use[4]!./src/assets/scss/main.scss[39m[22m
<w> [1m[33mDeprecation The legacy JS API is deprecated and will be removed in Dart Sass 2.0.0.[39m[22m
<w> [1m[33m[39m[22m
<w> [1m[33mMore info: https://sass-lang.com/d/legacy-js-api[39m[22m
<w> [1m[33m[39m[22m
<w> [1m[33mnull[39m[22m
<w> [1m[33mDeprecation Sass @import rules are deprecated and will be removed in Dart Sass 3.0.0.[39m[22m
<w> [1m[33m[39m[22m
<w> [1m[33mMore info and automated migrator: https://sass-lang.com/d/import[39m[22m
<w> [1m[33m[39m[22m
<w> [1m[33msrc\assets\scss\main.scss 2:9  root stylesheet[39m[22m
<w> [1m[33m[39m[22m
<w> [1m[33mDeprecation Sass @import rules are deprecated and will be removed in Dart Sass 3.0.0.[39m[22m
<w> [1m[33m[39m[22m
<w> [1m[33mMore info and automated migrator: https://sass-lang.com/d/import[39m[22m
<w> [1m[33m[39m[22m
<w> [1m[33msrc\assets\scss\main.scss 3:9  root stylesheet[39m[22m
<w> [1m[33m[39m[22m
<w> [1m[33mDeprecation Sass @import rules are deprecated and will be removed in Dart Sass 3.0.0.[39m[22m
<w> [1m[33m[39m[22m
<w> [1m[33mMore info and automated migrator: https://sass-lang.com/d/import[39m[22m
<w> [1m[33m[39m[22m
<w> [1m[33msrc\assets\scss\main.scss 4:9  root stylesheet[39m[22m
<w> [1m[33m[39m[22m
<w> [1m[33mDeprecation Sass @import rules are deprecated and will be removed in Dart Sass 3.0.0.[39m[22m
<w> [1m[33m[39m[22m
<w> [1m[33mMore info and automated migrator: https://sass-lang.com/d/import[39m[22m
<w> [1m[33m[39m[22m
<w> [1m[33msrc\assets\scss\main.scss 7:9  root stylesheet[39m[22m
<w> [1m[33m[39m[22m
<w> [1m[33mDeprecation Sass @import rules are deprecated and will be removed in Dart Sass 3.0.0.[39m[22m
<w> [1m[33m[39m[22m
<w> [1m[33mMore info and automated migrator: https://sass-lang.com/d/import[39m[22m
<w> [1m[33m[39m[22m
<w> [1m[33msrc\assets\scss\main.scss 8:9  root stylesheet[39m[22m
<w> [1m[33m[39m[22m
<w> [1m[33mDeprecation Global built-in functions are deprecated and will be removed in Dart Sass 3.0.0.[39m[22m
<w> [1m[33mUse map.has-key instead.[39m[22m
<w> [1m[33m[39m[22m
<w> [1m[33mMore info and automated migrator: https://sass-lang.com/d/import[39m[22m
<w> [1m[33m[39m[22m
<w> [1m[33msrc\assets\scss\helper\_media-queries.scss 2:7              media-max()[39m[22m
<w> [1m[33msrc\assets\scss\components\header\_header-public.scss 53:1  @import[39m[22m
<w> [1m[33msrc\assets\scss\main.scss 16:9                              root stylesheet[39m[22m
<w> [1m[33m[39m[22m
<w> [1m[33mDeprecation Global built-in functions are deprecated and will be removed in Dart Sass 3.0.0.[39m[22m
<w> [1m[33mUse map.get instead.[39m[22m
<w> [1m[33m[39m[22m
<w> [1m[33mMore info and automated migrator: https://sass-lang.com/d/import[39m[22m
<w> [1m[33m[39m[22m
<w> [1m[33msrc\assets\scss\helper\_media-queries.scss 4:24             media-max()[39m[22m
<w> [1m[33msrc\assets\scss\components\header\_header-public.scss 53:1  @import[39m[22m
<w> [1m[33msrc\assets\scss\main.scss 16:9                              root stylesheet[39m[22m
<w> [1m[33m[39m[22m
<w> [1m[33mDeprecation Global built-in functions are deprecated and will be removed in Dart Sass 3.0.0.[39m[22m
<w> [1m[33mUse map.has-key instead.[39m[22m
<w> [1m[33m[39m[22m
<w> [1m[33mMore info and automated migrator: https://sass-lang.com/d/import[39m[22m
<w> [1m[33m[39m[22m
<w> [1m[33msrc\assets\scss\helper\_media-queries.scss 17:7  media-min()[39m[22m
<w> [1m[33msrc\assets\scss\views\guest\_guest.scss 947:5    @import[39m[22m
<w> [1m[33msrc\assets\scss\main.scss 23:9                   root stylesheet[39m[22m
<w> [1m[33m[39m[22m
<w> [1m[33mDeprecation Global built-in functions are deprecated and will be removed in Dart Sass 3.0.0.[39m[22m
<w> [1m[33mUse map.get instead.[39m[22m
<w> [1m[33m[39m[22m
<w> [1m[33mMore info and automated migrator: https://sass-lang.com/d/import[39m[22m
<w> [1m[33m[39m[22m
<w> [1m[33msrc\assets\scss\helper\_media-queries.scss 19:24  media-min()[39m[22m
<w> [1m[33msrc\assets\scss\views\guest\_guest.scss 947:5     @import[39m[22m
<w> [1m[33msrc\assets\scss\main.scss 23:9                    root stylesheet[39m[22m
<w> [1m[33m[39m[22m
<w> [1m[33m21 repetitive deprecation warnings omitted.[39m[22m
<w> [1m[33m[39m[22m
<w> [1m[33mnull[39m[22m

webpack compiled [1m[32msuccessfully[39m[22m
Compiling...
Failed to compile.

[eslint] 
src\views\guest\tutorial\index.jsx
  Line 176:13:  'navigate' is not defined  no-undef

Search for the keywords to learn more about each error.
[1m[31mERROR[39m[22m in [1m[eslint] 
src\views\guest\tutorial\index.jsx
  Line 176:13:  'navigate' is not defined  no-undef

Search for the keywords to learn more about each [1m[31merror[39m[22m[1m.[39m[22m

webpack compiled with [1m[31m1 error[39m[22m
Compiling...
Failed to compile.

[eslint] 
src\views\guest\tutorial\index.jsx
  Line 176:13:  'navigate' is not defined  no-undef

Search for the keywords to learn more about each error.
[1mLOG from ./node_modules/sass-loader/dist/cjs.js sass-loader ./node_modules/css-loader/dist/cjs.js??ruleSet[1].rules[1].oneOf[7].use[1]!./node_modules/postcss-loader/dist/cjs.js??ruleSet[1].rules[1].oneOf[7].use[2]!./node_modules/resolve-url-loader/index.js??ruleSet[1].rules[1].oneOf[7].use[3]!./node_modules/sass-loader/dist/cjs.js??ruleSet[1].rules[1].oneOf[7].use[4]!./src/assets/scss/main.scss[39m[22m
<w> [1m[33mDeprecation The legacy JS API is deprecated and will be removed in Dart Sass 2.0.0.[39m[22m
<w> [1m[33m[39m[22m
<w> [1m[33mMore info: https://sass-lang.com/d/legacy-js-api[39m[22m
<w> [1m[33m[39m[22m
<w> [1m[33mnull[39m[22m
<w> [1m[33mDeprecation Sass @import rules are deprecated and will be removed in Dart Sass 3.0.0.[39m[22m
<w> [1m[33m[39m[22m
<w> [1m[33mMore info and automated migrator: https://sass-lang.com/d/import[39m[22m
<w> [1m[33m[39m[22m
<w> [1m[33msrc\assets\scss\main.scss 2:9  root stylesheet[39m[22m
<w> [1m[33m[39m[22m
<w> [1m[33mDeprecation Sass @import rules are deprecated and will be removed in Dart Sass 3.0.0.[39m[22m
<w> [1m[33m[39m[22m
<w> [1m[33mMore info and automated migrator: https://sass-lang.com/d/import[39m[22m
<w> [1m[33m[39m[22m
<w> [1m[33msrc\assets\scss\main.scss 3:9  root stylesheet[39m[22m
<w> [1m[33m[39m[22m
<w> [1m[33mDeprecation Sass @import rules are deprecated and will be removed in Dart Sass 3.0.0.[39m[22m
<w> [1m[33m[39m[22m
<w> [1m[33mMore info and automated migrator: https://sass-lang.com/d/import[39m[22m
<w> [1m[33m[39m[22m
<w> [1m[33msrc\assets\scss\main.scss 4:9  root stylesheet[39m[22m
<w> [1m[33m[39m[22m
<w> [1m[33mDeprecation Sass @import rules are deprecated and will be removed in Dart Sass 3.0.0.[39m[22m
<w> [1m[33m[39m[22m
<w> [1m[33mMore info and automated migrator: https://sass-lang.com/d/import[39m[22m
<w> [1m[33m[39m[22m
<w> [1m[33msrc\assets\scss\main.scss 7:9  root stylesheet[39m[22m
<w> [1m[33m[39m[22m
<w> [1m[33mDeprecation Sass @import rules are deprecated and will be removed in Dart Sass 3.0.0.[39m[22m
<w> [1m[33m[39m[22m
<w> [1m[33mMore info and automated migrator: https://sass-lang.com/d/import[39m[22m
<w> [1m[33m[39m[22m
<w> [1m[33msrc\assets\scss\main.scss 8:9  root stylesheet[39m[22m
<w> [1m[33m[39m[22m
<w> [1m[33mDeprecation Global built-in functions are deprecated and will be removed in Dart Sass 3.0.0.[39m[22m
<w> [1m[33mUse map.has-key instead.[39m[22m
<w> [1m[33m[39m[22m
<w> [1m[33mMore info and automated migrator: https://sass-lang.com/d/import[39m[22m
<w> [1m[33m[39m[22m
<w> [1m[33msrc\assets\scss\helper\_media-queries.scss 2:7              media-max()[39m[22m
<w> [1m[33msrc\assets\scss\components\header\_header-public.scss 53:1  @import[39m[22m
<w> [1m[33msrc\assets\scss\main.scss 16:9                              root stylesheet[39m[22m
<w> [1m[33m[39m[22m
<w> [1m[33mDeprecation Global built-in functions are deprecated and will be removed in Dart Sass 3.0.0.[39m[22m
<w> [1m[33mUse map.get instead.[39m[22m
<w> [1m[33m[39m[22m
<w> [1m[33mMore info and automated migrator: https://sass-lang.com/d/import[39m[22m
<w> [1m[33m[39m[22m
<w> [1m[33msrc\assets\scss\helper\_media-queries.scss 4:24             media-max()[39m[22m
<w> [1m[33msrc\assets\scss\components\header\_header-public.scss 53:1  @import[39m[22m
<w> [1m[33msrc\assets\scss\main.scss 16:9                              root stylesheet[39m[22m
<w> [1m[33m[39m[22m
<w> [1m[33mDeprecation Global built-in functions are deprecated and will be removed in Dart Sass 3.0.0.[39m[22m
<w> [1m[33mUse map.has-key instead.[39m[22m
<w> [1m[33m[39m[22m
<w> [1m[33mMore info and automated migrator: https://sass-lang.com/d/import[39m[22m
<w> [1m[33m[39m[22m
<w> [1m[33msrc\assets\scss\helper\_media-queries.scss 17:7  media-min()[39m[22m
<w> [1m[33msrc\assets\scss\views\guest\_guest.scss 933:9    @import[39m[22m
<w> [1m[33msrc\assets\scss\main.scss 23:9                   root stylesheet[39m[22m
<w> [1m[33m[39m[22m
<w> [1m[33mDeprecation Global built-in functions are deprecated and will be removed in Dart Sass 3.0.0.[39m[22m
<w> [1m[33mUse map.get instead.[39m[22m
<w> [1m[33m[39m[22m
<w> [1m[33mMore info and automated migrator: https://sass-lang.com/d/import[39m[22m
<w> [1m[33m[39m[22m
<w> [1m[33msrc\assets\scss\helper\_media-queries.scss 19:24  media-min()[39m[22m
<w> [1m[33msrc\assets\scss\views\guest\_guest.scss 933:9     @import[39m[22m
<w> [1m[33msrc\assets\scss\main.scss 23:9                    root stylesheet[39m[22m
<w> [1m[33m[39m[22m
<w> [1m[33m21 repetitive deprecation warnings omitted.[39m[22m
<w> [1m[33m[39m[22m
<w> [1m[33mnull[39m[22m

[1m[31mERROR[39m[22m in [1m[eslint] 
src\views\guest\tutorial\index.jsx
  Line 176:13:  'navigate' is not defined  no-undef

Search for the keywords to learn more about each [1m[31merror[39m[22m[1m.[39m[22m

webpack compiled with [1m[31m1 error[39m[22m
Compiling...
Compiled successfully!
webpack compiled [1m[32msuccessfully[39m[22m
Failed to compile.

Module not found: Error: Can't resolve 'views/guest' in 'D:\BIGSLICKGAMES\games\Bigslickgames\src\routes'
[1m[31mERROR[39m[22m in [1m./src/routes/Router.jsx[39m[22m [1m[32m15:51-72[39m[22m
[1mModule [1m[31mnot found[39m[22m[1m: [1m[31mError[39m[22m[1m: Can't resolve 'views/guest' in 'D:\BIGSLICKGAMES\games\Bigslickgames\src\routes'[39m[22m

webpack compiled with [1m[31m1 error[39m[22m
Compiling...
Compiled successfully!
webpack compiled [1m[32msuccessfully[39m[22m
Compiling...
Compiled successfully!
[1mLOG from ./node_modules/sass-loader/dist/cjs.js sass-loader ./node_modules/css-loader/dist/cjs.js??ruleSet[1].rules[1].oneOf[7].use[1]!./node_modules/postcss-loader/dist/cjs.js??ruleSet[1].rules[1].oneOf[7].use[2]!./node_modules/resolve-url-loader/index.js??ruleSet[1].rules[1].oneOf[7].use[3]!./node_modules/sass-loader/dist/cjs.js??ruleSet[1].rules[1].oneOf[7].use[4]!./src/assets/scss/main.scss[39m[22m
<w> [1m[33mDeprecation The legacy JS API is deprecated and will be removed in Dart Sass 2.0.0.[39m[22m
<w> [1m[33m[39m[22m
<w> [1m[33mMore info: https://sass-lang.com/d/legacy-js-api[39m[22m
<w> [1m[33m[39m[22m
<w> [1m[33mnull[39m[22m
<w> [1m[33mDeprecation Sass @import rules are deprecated and will be removed in Dart Sass 3.0.0.[39m[22m
<w> [1m[33m[39m[22m
<w> [1m[33mMore info and automated migrator: https://sass-lang.com/d/import[39m[22m
<w> [1m[33m[39m[22m
<w> [1m[33msrc\assets\scss\main.scss 2:9  root stylesheet[39m[22m
<w> [1m[33m[39m[22m
<w> [1m[33mDeprecation Sass @import rules are deprecated and will be removed in Dart Sass 3.0.0.[39m[22m
<w> [1m[33m[39m[22m
<w> [1m[33mMore info and automated migrator: https://sass-lang.com/d/import[39m[22m
<w> [1m[33m[39m[22m
<w> [1m[33msrc\assets\scss\main.scss 3:9  root stylesheet[39m[22m
<w> [1m[33m[39m[22m
<w> [1m[33mDeprecation Sass @import rules are deprecated and will be removed in Dart Sass 3.0.0.[39m[22m
<w> [1m[33m[39m[22m
<w> [1m[33mMore info and automated migrator: https://sass-lang.com/d/import[39m[22m
<w> [1m[33m[39m[22m
<w> [1m[33msrc\assets\scss\main.scss 4:9  root stylesheet[39m[22m
<w> [1m[33m[39m[22m
<w> [1m[33mDeprecation Sass @import rules are deprecated and will be removed in Dart Sass 3.0.0.[39m[22m
<w> [1m[33m[39m[22m
<w> [1m[33mMore info and automated migrator: https://sass-lang.com/d/import[39m[22m
<w> [1m[33m[39m[22m
<w> [1m[33msrc\assets\scss\main.scss 7:9  root stylesheet[39m[22m
<w> [1m[33m[39m[22m
<w> [1m[33mDeprecation Sass @import rules are deprecated and will be removed in Dart Sass 3.0.0.[39m[22m
<w> [1m[33m[39m[22m
<w> [1m[33mMore info and automated migrator: https://sass-lang.com/d/import[39m[22m
<w> [1m[33m[39m[22m
<w> [1m[33msrc\assets\scss\main.scss 8:9  root stylesheet[39m[22m
<w> [1m[33m[39m[22m
<w> [1m[33mDeprecation Global built-in functions are deprecated and will be removed in Dart Sass 3.0.0.[39m[22m
<w> [1m[33mUse map.has-key instead.[39m[22m
<w> [1m[33m[39m[22m
<w> [1m[33mMore info and automated migrator: https://sass-lang.com/d/import[39m[22m
<w> [1m[33m[39m[22m
<w> [1m[33msrc\assets\scss\helper\_media-queries.scss 2:7              media-max()[39m[22m
<w> [1m[33msrc\assets\scss\components\header\_header-public.scss 53:1  @import[39m[22m
<w> [1m[33msrc\assets\scss\main.scss 16:9                              root stylesheet[39m[22m
<w> [1m[33m[39m[22m
<w> [1m[33mDeprecation Global built-in functions are deprecated and will be removed in Dart Sass 3.0.0.[39m[22m
<w> [1m[33mUse map.get instead.[39m[22m
<w> [1m[33m[39m[22m
<w> [1m[33mMore info and automated migrator: https://sass-lang.com/d/import[39m[22m
<w> [1m[33m[39m[22m
<w> [1m[33msrc\assets\scss\helper\_media-queries.scss 4:24             media-max()[39m[22m
<w> [1m[33msrc\assets\scss\components\header\_header-public.scss 53:1  @import[39m[22m
<w> [1m[33msrc\assets\scss\main.scss 16:9                              root stylesheet[39m[22m
<w> [1m[33m[39m[22m
<w> [1m[33mDeprecation Global built-in functions are deprecated and will be removed in Dart Sass 3.0.0.[39m[22m
<w> [1m[33mUse map.has-key instead.[39m[22m
<w> [1m[33m[39m[22m
<w> [1m[33mMore info and automated migrator: https://sass-lang.com/d/import[39m[22m
<w> [1m[33m[39m[22m
<w> [1m[33msrc\assets\scss\helper\_media-queries.scss 17:7  media-min()[39m[22m
<w> [1m[33msrc\assets\scss\views\guest\_guest.scss 1087:9   @import[39m[22m
<w> [1m[33msrc\assets\scss\main.scss 23:9                   root stylesheet[39m[22m
<w> [1m[33m[39m[22m
<w> [1m[33mDeprecation Global built-in functions are deprecated and will be removed in Dart Sass 3.0.0.[39m[22m
<w> [1m[33mUse map.get instead.[39m[22m
<w> [1m[33m[39m[22m
<w> [1m[33mMore info and automated migrator: https://sass-lang.com/d/import[39m[22m
<w> [1m[33m[39m[22m
<w> [1m[33msrc\assets\scss\helper\_media-queries.scss 19:24  media-min()[39m[22m
<w> [1m[33msrc\assets\scss\views\guest\_guest.scss 1087:9    @import[39m[22m
<w> [1m[33msrc\assets\scss\main.scss 23:9                    root stylesheet[39m[22m
<w> [1m[33m[39m[22m
<w> [1m[33m21 repetitive deprecation warnings omitted.[39m[22m
<w> [1m[33m[39m[22m
<w> [1m[33mnull[39m[22m

webpack compiled [1m[32msuccessfully[39m[22m
Compiling...
Compiled successfully!
webpack compiled [1m[32msuccessfully[39m[22m
Compiling...
Compiled successfully!
[1mLOG from ./node_modules/sass-loader/dist/cjs.js sass-loader ./node_modules/css-loader/dist/cjs.js??ruleSet[1].rules[1].oneOf[7].use[1]!./node_modules/postcss-loader/dist/cjs.js??ruleSet[1].rules[1].oneOf[7].use[2]!./node_modules/resolve-url-loader/index.js??ruleSet[1].rules[1].oneOf[7].use[3]!./node_modules/sass-loader/dist/cjs.js??ruleSet[1].rules[1].oneOf[7].use[4]!./src/assets/scss/main.scss[39m[22m
<w> [1m[33mDeprecation The legacy JS API is deprecated and will be removed in Dart Sass 2.0.0.[39m[22m
<w> [1m[33m[39m[22m
<w> [1m[33mMore info: https://sass-lang.com/d/legacy-js-api[39m[22m
<w> [1m[33m[39m[22m
<w> [1m[33mnull[39m[22m
<w> [1m[33mDeprecation Sass @import rules are deprecated and will be removed in Dart Sass 3.0.0.[39m[22m
<w> [1m[33m[39m[22m
<w> [1m[33mMore info and automated migrator: https://sass-lang.com/d/import[39m[22m
<w> [1m[33m[39m[22m
<w> [1m[33msrc\assets\scss\main.scss 2:9  root stylesheet[39m[22m
<w> [1m[33m[39m[22m
<w> [1m[33mDeprecation Sass @import rules are deprecated and will be removed in Dart Sass 3.0.0.[39m[22m
<w> [1m[33m[39m[22m
<w> [1m[33mMore info and automated migrator: https://sass-lang.com/d/import[39m[22m
<w> [1m[33m[39m[22m
<w> [1m[33msrc\assets\scss\main.scss 3:9  root stylesheet[39m[22m
<w> [1m[33m[39m[22m
<w> [1m[33mDeprecation Sass @import rules are deprecated and will be removed in Dart Sass 3.0.0.[39m[22m
<w> [1m[33m[39m[22m
<w> [1m[33mMore info and automated migrator: https://sass-lang.com/d/import[39m[22m
<w> [1m[33m[39m[22m
<w> [1m[33msrc\assets\scss\main.scss 4:9  root stylesheet[39m[22m
<w> [1m[33m[39m[22m
<w> [1m[33mDeprecation Sass @import rules are deprecated and will be removed in Dart Sass 3.0.0.[39m[22m
<w> [1m[33m[39m[22m
<w> [1m[33mMore info and automated migrator: https://sass-lang.com/d/import[39m[22m
<w> [1m[33m[39m[22m
<w> [1m[33msrc\assets\scss\main.scss 7:9  root stylesheet[39m[22m
<w> [1m[33m[39m[22m
<w> [1m[33mDeprecation Sass @import rules are deprecated and will be removed in Dart Sass 3.0.0.[39m[22m
<w> [1m[33m[39m[22m
<w> [1m[33mMore info and automated migrator: https://sass-lang.com/d/import[39m[22m
<w> [1m[33m[39m[22m
<w> [1m[33msrc\assets\scss\main.scss 8:9  root stylesheet[39m[22m
<w> [1m[33m[39m[22m
<w> [1m[33mDeprecation Global built-in functions are deprecated and will be removed in Dart Sass 3.0.0.[39m[22m
<w> [1m[33mUse map.has-key instead.[39m[22m
<w> [1m[33m[39m[22m
<w> [1m[33mMore info and automated migrator: https://sass-lang.com/d/import[39m[22m
<w> [1m[33m[39m[22m
<w> [1m[33msrc\assets\scss\helper\_media-queries.scss 2:7              media-max()[39m[22m
<w> [1m[33msrc\assets\scss\components\header\_header-public.scss 53:1  @import[39m[22m
<w> [1m[33msrc\assets\scss\main.scss 16:9                              root stylesheet[39m[22m
<w> [1m[33m[39m[22m
<w> [1m[33mDeprecation Global built-in functions are deprecated and will be removed in Dart Sass 3.0.0.[39m[22m
<w> [1m[33mUse map.get instead.[39m[22m
<w> [1m[33m[39m[22m
<w> [1m[33mMore info and automated migrator: https://sass-lang.com/d/import[39m[22m
<w> [1m[33m[39m[22m
<w> [1m[33msrc\assets\scss\helper\_media-queries.scss 4:24             media-max()[39m[22m
<w> [1m[33msrc\assets\scss\components\header\_header-public.scss 53:1  @import[39m[22m
<w> [1m[33msrc\assets\scss\main.scss 16:9                              root stylesheet[39m[22m
<w> [1m[33m[39m[22m
<w> [1m[33mDeprecation Global built-in functions are deprecated and will be removed in Dart Sass 3.0.0.[39m[22m
<w> [1m[33mUse map.has-key instead.[39m[22m
<w> [1m[33m[39m[22m
<w> [1m[33mMore info and automated migrator: https://sass-lang.com/d/import[39m[22m
<w> [1m[33m[39m[22m
<w> [1m[33msrc\assets\scss\helper\_media-queries.scss 17:7  media-min()[39m[22m
<w> [1m[33msrc\assets\scss\views\guest\_guest.scss 1096:9   @import[39m[22m
<w> [1m[33msrc\assets\scss\main.scss 23:9                   root stylesheet[39m[22m
<w> [1m[33m[39m[22m
<w> [1m[33mDeprecation Global built-in functions are deprecated and will be removed in Dart Sass 3.0.0.[39m[22m
<w> [1m[33mUse map.get instead.[39m[22m
<w> [1m[33m[39m[22m
<w> [1m[33mMore info and automated migrator: https://sass-lang.com/d/import[39m[22m
<w> [1m[33m[39m[22m
<w> [1m[33msrc\assets\scss\helper\_media-queries.scss 19:24  media-min()[39m[22m
<w> [1m[33msrc\assets\scss\views\guest\_guest.scss 1096:9    @import[39m[22m
<w> [1m[33msrc\assets\scss\main.scss 23:9                    root stylesheet[39m[22m
<w> [1m[33m[39m[22m
<w> [1m[33m21 repetitive deprecation warnings omitted.[39m[22m
<w> [1m[33m[39m[22m
<w> [1m[33mnull[39m[22m

webpack compiled [1m[32msuccessfully[39m[22m
Failed to compile.

Module not found: Error: Can't resolve '../../assets/images/bg/character_welcome.png' in 'D:\BIGSLICKGAMES\games\Bigslickgames\src\views\guest'
[1m[31mERROR[39m[22m in [1m./src/views/guest/index.jsx[39m[22m [1m[32m9:0-76[39m[22m
[1mModule [1m[31mnot found[39m[22m[1m: [1m[31mError[39m[22m[1m: Can't resolve '../../assets/images/bg/character_welcome.png' in 'D:\BIGSLICKGAMES\games\Bigslickgames\src\views\guest'[39m[22m

webpack compiled with [1m[31m1 error[39m[22m
Compiling...
Compiled successfully!
webpack compiled [1m[32msuccessfully[39m[22m
Failed to compile.

Module not found: Error: Can't resolve '../../assets/images/bg/character_trans_bg.png' in 'D:\BIGSLICKGAMES\games\Bigslickgames\src\views\guest'
[1m[31mERROR[39m[22m in [1m./src/views/guest/index.jsx[39m[22m [1m[32m9:0-77[39m[22m
[1mModule [1m[31mnot found[39m[22m[1m: [1m[31mError[39m[22m[1m: Can't resolve '../../assets/images/bg/character_trans_bg.png' in 'D:\BIGSLICKGAMES\games\Bigslickgames\src\views\guest'[39m[22m

webpack compiled with [1m[31m1 error[39m[22m
Compiling...
Compiled successfully!
webpack compiled [1m[32msuccessfully[39m[22m
Compiling...
Compiled successfully!
webpack compiled [1m[32msuccessfully[39m[22m
Compiling...
Compiled successfully!
webpack compiled [1m[32msuccessfully[39m[22m
Failed to compile.

Module not found: Error: Can't resolve '../../assets/images/bg/character_welcome.png' in 'D:\BIGSLICKGAMES\games\Bigslickgames\src\views\guest'
[1m[31mERROR[39m[22m in [1m./src/views/guest/index.jsx[39m[22m [1m[32m9:0-76[39m[22m
[1mModule [1m[31mnot found[39m[22m[1m: [1m[31mError[39m[22m[1m: Can't resolve '../../assets/images/bg/character_welcome.png' in 'D:\BIGSLICKGAMES\games\Bigslickgames\src\views\guest'[39m[22m

webpack compiled with [1m[31m1 error[39m[22m
Compiling...
Compiled successfully!
webpack compiled [1m[32msuccessfully[39m[22m
Compiling...
Compiled successfully!
[1mLOG from ./node_modules/sass-loader/dist/cjs.js sass-loader ./node_modules/css-loader/dist/cjs.js??ruleSet[1].rules[1].oneOf[7].use[1]!./node_modules/postcss-loader/dist/cjs.js??ruleSet[1].rules[1].oneOf[7].use[2]!./node_modules/resolve-url-loader/index.js??ruleSet[1].rules[1].oneOf[7].use[3]!./node_modules/sass-loader/dist/cjs.js??ruleSet[1].rules[1].oneOf[7].use[4]!./src/assets/scss/main.scss[39m[22m
<w> [1m[33mDeprecation The legacy JS API is deprecated and will be removed in Dart Sass 2.0.0.[39m[22m
<w> [1m[33m[39m[22m
<w> [1m[33mMore info: https://sass-lang.com/d/legacy-js-api[39m[22m
<w> [1m[33m[39m[22m
<w> [1m[33mnull[39m[22m
<w> [1m[33mDeprecation Sass @import rules are deprecated and will be removed in Dart Sass 3.0.0.[39m[22m
<w> [1m[33m[39m[22m
<w> [1m[33mMore info and automated migrator: https://sass-lang.com/d/import[39m[22m
<w> [1m[33m[39m[22m
<w> [1m[33msrc\assets\scss\main.scss 2:9  root stylesheet[39m[22m
<w> [1m[33m[39m[22m
<w> [1m[33mDeprecation Sass @import rules are deprecated and will be removed in Dart Sass 3.0.0.[39m[22m
<w> [1m[33m[39m[22m
<w> [1m[33mMore info and automated migrator: https://sass-lang.com/d/import[39m[22m
<w> [1m[33m[39m[22m
<w> [1m[33msrc\assets\scss\main.scss 3:9  root stylesheet[39m[22m
<w> [1m[33m[39m[22m
<w> [1m[33mDeprecation Sass @import rules are deprecated and will be removed in Dart Sass 3.0.0.[39m[22m
<w> [1m[33m[39m[22m
<w> [1m[33mMore info and automated migrator: https://sass-lang.com/d/import[39m[22m
<w> [1m[33m[39m[22m
<w> [1m[33msrc\assets\scss\main.scss 4:9  root stylesheet[39m[22m
<w> [1m[33m[39m[22m
<w> [1m[33mDeprecation Sass @import rules are deprecated and will be removed in Dart Sass 3.0.0.[39m[22m
<w> [1m[33m[39m[22m
<w> [1m[33mMore info and automated migrator: https://sass-lang.com/d/import[39m[22m
<w> [1m[33m[39m[22m
<w> [1m[33msrc\assets\scss\main.scss 7:9  root stylesheet[39m[22m
<w> [1m[33m[39m[22m
<w> [1m[33mDeprecation Sass @import rules are deprecated and will be removed in Dart Sass 3.0.0.[39m[22m
<w> [1m[33m[39m[22m
<w> [1m[33mMore info and automated migrator: https://sass-lang.com/d/import[39m[22m
<w> [1m[33m[39m[22m
<w> [1m[33msrc\assets\scss\main.scss 8:9  root stylesheet[39m[22m
<w> [1m[33m[39m[22m
<w> [1m[33mDeprecation Global built-in functions are deprecated and will be removed in Dart Sass 3.0.0.[39m[22m
<w> [1m[33mUse map.has-key instead.[39m[22m
<w> [1m[33m[39m[22m
<w> [1m[33mMore info and automated migrator: https://sass-lang.com/d/import[39m[22m
<w> [1m[33m[39m[22m
<w> [1m[33msrc\assets\scss\helper\_media-queries.scss 2:7              media-max()[39m[22m
<w> [1m[33msrc\assets\scss\components\header\_header-public.scss 53:1  @import[39m[22m
<w> [1m[33msrc\assets\scss\main.scss 16:9                              root stylesheet[39m[22m
<w> [1m[33m[39m[22m
<w> [1m[33mDeprecation Global built-in functions are deprecated and will be removed in Dart Sass 3.0.0.[39m[22m
<w> [1m[33mUse map.get instead.[39m[22m
<w> [1m[33m[39m[22m
<w> [1m[33mMore info and automated migrator: https://sass-lang.com/d/import[39m[22m
<w> [1m[33m[39m[22m
<w> [1m[33msrc\assets\scss\helper\_media-queries.scss 4:24             media-max()[39m[22m
<w> [1m[33msrc\assets\scss\components\header\_header-public.scss 53:1  @import[39m[22m
<w> [1m[33msrc\assets\scss\main.scss 16:9                              root stylesheet[39m[22m
<w> [1m[33m[39m[22m
<w> [1m[33mDeprecation Global built-in functions are deprecated and will be removed in Dart Sass 3.0.0.[39m[22m
<w> [1m[33mUse map.has-key instead.[39m[22m
<w> [1m[33m[39m[22m
<w> [1m[33mMore info and automated migrator: https://sass-lang.com/d/import[39m[22m
<w> [1m[33m[39m[22m
<w> [1m[33msrc\assets\scss\helper\_media-queries.scss 17:7  media-min()[39m[22m
<w> [1m[33msrc\assets\scss\views\guest\_guest.scss 1103:9   @import[39m[22m
<w> [1m[33msrc\assets\scss\main.scss 23:9                   root stylesheet[39m[22m
<w> [1m[33m[39m[22m
<w> [1m[33mDeprecation Global built-in functions are deprecated and will be removed in Dart Sass 3.0.0.[39m[22m
<w> [1m[33mUse map.get instead.[39m[22m
<w> [1m[33m[39m[22m
<w> [1m[33mMore info and automated migrator: https://sass-lang.com/d/import[39m[22m
<w> [1m[33m[39m[22m
<w> [1m[33msrc\assets\scss\helper\_media-queries.scss 19:24  media-min()[39m[22m
<w> [1m[33msrc\assets\scss\views\guest\_guest.scss 1103:9    @import[39m[22m
<w> [1m[33msrc\assets\scss\main.scss 23:9                    root stylesheet[39m[22m
<w> [1m[33m[39m[22m
<w> [1m[33m21 repetitive deprecation warnings omitted.[39m[22m
<w> [1m[33m[39m[22m
<w> [1m[33mnull[39m[22m

webpack compiled [1m[32msuccessfully[39m[22m
Compiling...
Compiled successfully!
webpack compiled [1m[32msuccessfully[39m[22m
Compiling...
Compiled successfully!
webpack compiled [1m[32msuccessfully[39m[22m
Compiling...
Compiled successfully!
[1mLOG from ./node_modules/sass-loader/dist/cjs.js sass-loader ./node_modules/css-loader/dist/cjs.js??ruleSet[1].rules[1].oneOf[7].use[1]!./node_modules/postcss-loader/dist/cjs.js??ruleSet[1].rules[1].oneOf[7].use[2]!./node_modules/resolve-url-loader/index.js??ruleSet[1].rules[1].oneOf[7].use[3]!./node_modules/sass-loader/dist/cjs.js??ruleSet[1].rules[1].oneOf[7].use[4]!./src/assets/scss/main.scss[39m[22m
<w> [1m[33mDeprecation The legacy JS API is deprecated and will be removed in Dart Sass 2.0.0.[39m[22m
<w> [1m[33m[39m[22m
<w> [1m[33mMore info: https://sass-lang.com/d/legacy-js-api[39m[22m
<w> [1m[33m[39m[22m
<w> [1m[33mnull[39m[22m
<w> [1m[33mDeprecation Sass @import rules are deprecated and will be removed in Dart Sass 3.0.0.[39m[22m
<w> [1m[33m[39m[22m
<w> [1m[33mMore info and automated migrator: https://sass-lang.com/d/import[39m[22m
<w> [1m[33m[39m[22m
<w> [1m[33msrc\assets\scss\main.scss 2:9  root stylesheet[39m[22m
<w> [1m[33m[39m[22m
<w> [1m[33mDeprecation Sass @import rules are deprecated and will be removed in Dart Sass 3.0.0.[39m[22m
<w> [1m[33m[39m[22m
<w> [1m[33mMore info and automated migrator: https://sass-lang.com/d/import[39m[22m
<w> [1m[33m[39m[22m
<w> [1m[33msrc\assets\scss\main.scss 3:9  root stylesheet[39m[22m
<w> [1m[33m[39m[22m
<w> [1m[33mDeprecation Sass @import rules are deprecated and will be removed in Dart Sass 3.0.0.[39m[22m
<w> [1m[33m[39m[22m
<w> [1m[33mMore info and automated migrator: https://sass-lang.com/d/import[39m[22m
<w> [1m[33m[39m[22m
<w> [1m[33msrc\assets\scss\main.scss 4:9  root stylesheet[39m[22m
<w> [1m[33m[39m[22m
<w> [1m[33mDeprecation Sass @import rules are deprecated and will be removed in Dart Sass 3.0.0.[39m[22m
<w> [1m[33m[39m[22m
<w> [1m[33mMore info and automated migrator: https://sass-lang.com/d/import[39m[22m
<w> [1m[33m[39m[22m
<w> [1m[33msrc\assets\scss\main.scss 7:9  root stylesheet[39m[22m
<w> [1m[33m[39m[22m
<w> [1m[33mDeprecation Sass @import rules are deprecated and will be removed in Dart Sass 3.0.0.[39m[22m
<w> [1m[33m[39m[22m
<w> [1m[33mMore info and automated migrator: https://sass-lang.com/d/import[39m[22m
<w> [1m[33m[39m[22m
<w> [1m[33msrc\assets\scss\main.scss 8:9  root stylesheet[39m[22m
<w> [1m[33m[39m[22m
<w> [1m[33mDeprecation Global built-in functions are deprecated and will be removed in Dart Sass 3.0.0.[39m[22m
<w> [1m[33mUse map.has-key instead.[39m[22m
<w> [1m[33m[39m[22m
<w> [1m[33mMore info and automated migrator: https://sass-lang.com/d/import[39m[22m
<w> [1m[33m[39m[22m
<w> [1m[33msrc\assets\scss\helper\_media-queries.scss 2:7              media-max()[39m[22m
<w> [1m[33msrc\assets\scss\components\header\_header-public.scss 53:1  @import[39m[22m
<w> [1m[33msrc\assets\scss\main.scss 16:9                              root stylesheet[39m[22m
<w> [1m[33m[39m[22m
<w> [1m[33mDeprecation Global built-in functions are deprecated and will be removed in Dart Sass 3.0.0.[39m[22m
<w> [1m[33mUse map.get instead.[39m[22m
<w> [1m[33m[39m[22m
<w> [1m[33mMore info and automated migrator: https://sass-lang.com/d/import[39m[22m
<w> [1m[33m[39m[22m
<w> [1m[33msrc\assets\scss\helper\_media-queries.scss 4:24             media-max()[39m[22m
<w> [1m[33msrc\assets\scss\components\header\_header-public.scss 53:1  @import[39m[22m
<w> [1m[33msrc\assets\scss\main.scss 16:9                              root stylesheet[39m[22m
<w> [1m[33m[39m[22m
<w> [1m[33mDeprecation Global built-in functions are deprecated and will be removed in Dart Sass 3.0.0.[39m[22m
<w> [1m[33mUse map.has-key instead.[39m[22m
<w> [1m[33m[39m[22m
<w> [1m[33mMore info and automated migrator: https://sass-lang.com/d/import[39m[22m
<w> [1m[33m[39m[22m
<w> [1m[33msrc\assets\scss\helper\_media-queries.scss 17:7  media-min()[39m[22m
<w> [1m[33msrc\assets\scss\views\guest\_guest.scss 1110:9   @import[39m[22m
<w> [1m[33msrc\assets\scss\main.scss 23:9                   root stylesheet[39m[22m
<w> [1m[33m[39m[22m
<w> [1m[33mDeprecation Global built-in functions are deprecated and will be removed in Dart Sass 3.0.0.[39m[22m
<w> [1m[33mUse map.get instead.[39m[22m
<w> [1m[33m[39m[22m
<w> [1m[33mMore info and automated migrator: https://sass-lang.com/d/import[39m[22m
<w> [1m[33m[39m[22m
<w> [1m[33msrc\assets\scss\helper\_media-queries.scss 19:24  media-min()[39m[22m
<w> [1m[33msrc\assets\scss\views\guest\_guest.scss 1110:9    @import[39m[22m
<w> [1m[33msrc\assets\scss\main.scss 23:9                    root stylesheet[39m[22m
<w> [1m[33m[39m[22m
<w> [1m[33m21 repetitive deprecation warnings omitted.[39m[22m
<w> [1m[33m[39m[22m
<w> [1m[33mnull[39m[22m

webpack compiled [1m[32msuccessfully[39m[22m
Compiling...
Compiled successfully!
[1mLOG from ./node_modules/sass-loader/dist/cjs.js sass-loader ./node_modules/css-loader/dist/cjs.js??ruleSet[1].rules[1].oneOf[7].use[1]!./node_modules/postcss-loader/dist/cjs.js??ruleSet[1].rules[1].oneOf[7].use[2]!./node_modules/resolve-url-loader/index.js??ruleSet[1].rules[1].oneOf[7].use[3]!./node_modules/sass-loader/dist/cjs.js??ruleSet[1].rules[1].oneOf[7].use[4]!./src/assets/scss/main.scss[39m[22m
<w> [1m[33mDeprecation The legacy JS API is deprecated and will be removed in Dart Sass 2.0.0.[39m[22m
<w> [1m[33m[39m[22m
<w> [1m[33mMore info: https://sass-lang.com/d/legacy-js-api[39m[22m
<w> [1m[33m[39m[22m
<w> [1m[33mnull[39m[22m
<w> [1m[33mDeprecation Sass @import rules are deprecated and will be removed in Dart Sass 3.0.0.[39m[22m
<w> [1m[33m[39m[22m
<w> [1m[33mMore info and automated migrator: https://sass-lang.com/d/import[39m[22m
<w> [1m[33m[39m[22m
<w> [1m[33msrc\assets\scss\main.scss 2:9  root stylesheet[39m[22m
<w> [1m[33m[39m[22m
<w> [1m[33mDeprecation Sass @import rules are deprecated and will be removed in Dart Sass 3.0.0.[39m[22m
<w> [1m[33m[39m[22m
<w> [1m[33mMore info and automated migrator: https://sass-lang.com/d/import[39m[22m
<w> [1m[33m[39m[22m
<w> [1m[33msrc\assets\scss\main.scss 3:9  root stylesheet[39m[22m
<w> [1m[33m[39m[22m
<w> [1m[33mDeprecation Sass @import rules are deprecated and will be removed in Dart Sass 3.0.0.[39m[22m
<w> [1m[33m[39m[22m
<w> [1m[33mMore info and automated migrator: https://sass-lang.com/d/import[39m[22m
<w> [1m[33m[39m[22m
<w> [1m[33msrc\assets\scss\main.scss 4:9  root stylesheet[39m[22m
<w> [1m[33m[39m[22m
<w> [1m[33mDeprecation Sass @import rules are deprecated and will be removed in Dart Sass 3.0.0.[39m[22m
<w> [1m[33m[39m[22m
<w> [1m[33mMore info and automated migrator: https://sass-lang.com/d/import[39m[22m
<w> [1m[33m[39m[22m
<w> [1m[33msrc\assets\scss\main.scss 7:9  root stylesheet[39m[22m
<w> [1m[33m[39m[22m
<w> [1m[33mDeprecation Sass @import rules are deprecated and will be removed in Dart Sass 3.0.0.[39m[22m
<w> [1m[33m[39m[22m
<w> [1m[33mMore info and automated migrator: https://sass-lang.com/d/import[39m[22m
<w> [1m[33m[39m[22m
<w> [1m[33msrc\assets\scss\main.scss 8:9  root stylesheet[39m[22m
<w> [1m[33m[39m[22m
<w> [1m[33mDeprecation Global built-in functions are deprecated and will be removed in Dart Sass 3.0.0.[39m[22m
<w> [1m[33mUse map.has-key instead.[39m[22m
<w> [1m[33m[39m[22m
<w> [1m[33mMore info and automated migrator: https://sass-lang.com/d/import[39m[22m
<w> [1m[33m[39m[22m
<w> [1m[33msrc\assets\scss\helper\_media-queries.scss 2:7              media-max()[39m[22m
<w> [1m[33msrc\assets\scss\components\header\_header-public.scss 53:1  @import[39m[22m
<w> [1m[33msrc\assets\scss\main.scss 16:9                              root stylesheet[39m[22m
<w> [1m[33m[39m[22m
<w> [1m[33mDeprecation Global built-in functions are deprecated and will be removed in Dart Sass 3.0.0.[39m[22m
<w> [1m[33mUse map.get instead.[39m[22m
<w> [1m[33m[39m[22m
<w> [1m[33mMore info and automated migrator: https://sass-lang.com/d/import[39m[22m
<w> [1m[33m[39m[22m
<w> [1m[33msrc\assets\scss\helper\_media-queries.scss 4:24             media-max()[39m[22m
<w> [1m[33msrc\assets\scss\components\header\_header-public.scss 53:1  @import[39m[22m
<w> [1m[33msrc\assets\scss\main.scss 16:9                              root stylesheet[39m[22m
<w> [1m[33m[39m[22m
<w> [1m[33mDeprecation Global built-in functions are deprecated and will be removed in Dart Sass 3.0.0.[39m[22m
<w> [1m[33mUse map.has-key instead.[39m[22m
<w> [1m[33m[39m[22m
<w> [1m[33mMore info and automated migrator: https://sass-lang.com/d/import[39m[22m
<w> [1m[33m[39m[22m
<w> [1m[33msrc\assets\scss\helper\_media-queries.scss 17:7  media-min()[39m[22m
<w> [1m[33msrc\assets\scss\views\guest\_guest.scss 1132:9   @import[39m[22m
<w> [1m[33msrc\assets\scss\main.scss 23:9                   root stylesheet[39m[22m
<w> [1m[33m[39m[22m
<w> [1m[33mDeprecation Global built-in functions are deprecated and will be removed in Dart Sass 3.0.0.[39m[22m
<w> [1m[33mUse map.get instead.[39m[22m
<w> [1m[33m[39m[22m
<w> [1m[33mMore info and automated migrator: https://sass-lang.com/d/import[39m[22m
<w> [1m[33m[39m[22m
<w> [1m[33msrc\assets\scss\helper\_media-queries.scss 19:24  media-min()[39m[22m
<w> [1m[33msrc\assets\scss\views\guest\_guest.scss 1132:9    @import[39m[22m
<w> [1m[33msrc\assets\scss\main.scss 23:9                    root stylesheet[39m[22m
<w> [1m[33m[39m[22m
<w> [1m[33m21 repetitive deprecation warnings omitted.[39m[22m
<w> [1m[33m[39m[22m
<w> [1m[33mnull[39m[22m

webpack compiled [1m[32msuccessfully[39m[22m
Compiling...
Compiled successfully!
[1mLOG from ./node_modules/sass-loader/dist/cjs.js sass-loader ./node_modules/css-loader/dist/cjs.js??ruleSet[1].rules[1].oneOf[7].use[1]!./node_modules/postcss-loader/dist/cjs.js??ruleSet[1].rules[1].oneOf[7].use[2]!./node_modules/resolve-url-loader/index.js??ruleSet[1].rules[1].oneOf[7].use[3]!./node_modules/sass-loader/dist/cjs.js??ruleSet[1].rules[1].oneOf[7].use[4]!./src/assets/scss/main.scss[39m[22m
<w> [1m[33mDeprecation The legacy JS API is deprecated and will be removed in Dart Sass 2.0.0.[39m[22m
<w> [1m[33m[39m[22m
<w> [1m[33mMore info: https://sass-lang.com/d/legacy-js-api[39m[22m
<w> [1m[33m[39m[22m
<w> [1m[33mnull[39m[22m
<w> [1m[33mDeprecation Sass @import rules are deprecated and will be removed in Dart Sass 3.0.0.[39m[22m
<w> [1m[33m[39m[22m
<w> [1m[33mMore info and automated migrator: https://sass-lang.com/d/import[39m[22m
<w> [1m[33m[39m[22m
<w> [1m[33msrc\assets\scss\main.scss 2:9  root stylesheet[39m[22m
<w> [1m[33m[39m[22m
<w> [1m[33mDeprecation Sass @import rules are deprecated and will be removed in Dart Sass 3.0.0.[39m[22m
<w> [1m[33m[39m[22m
<w> [1m[33mMore info and automated migrator: https://sass-lang.com/d/import[39m[22m
<w> [1m[33m[39m[22m
<w> [1m[33msrc\assets\scss\main.scss 3:9  root stylesheet[39m[22m
<w> [1m[33m[39m[22m
<w> [1m[33mDeprecation Sass @import rules are deprecated and will be removed in Dart Sass 3.0.0.[39m[22m
<w> [1m[33m[39m[22m
<w> [1m[33mMore info and automated migrator: https://sass-lang.com/d/import[39m[22m
<w> [1m[33m[39m[22m
<w> [1m[33msrc\assets\scss\main.scss 4:9  root stylesheet[39m[22m
<w> [1m[33m[39m[22m
<w> [1m[33mDeprecation Sass @import rules are deprecated and will be removed in Dart Sass 3.0.0.[39m[22m
<w> [1m[33m[39m[22m
<w> [1m[33mMore info and automated migrator: https://sass-lang.com/d/import[39m[22m
<w> [1m[33m[39m[22m
<w> [1m[33msrc\assets\scss\main.scss 7:9  root stylesheet[39m[22m
<w> [1m[33m[39m[22m
<w> [1m[33mDeprecation Sass @import rules are deprecated and will be removed in Dart Sass 3.0.0.[39m[22m
<w> [1m[33m[39m[22m
<w> [1m[33mMore info and automated migrator: https://sass-lang.com/d/import[39m[22m
<w> [1m[33m[39m[22m
<w> [1m[33msrc\assets\scss\main.scss 8:9  root stylesheet[39m[22m
<w> [1m[33m[39m[22m
<w> [1m[33mDeprecation Global built-in functions are deprecated and will be removed in Dart Sass 3.0.0.[39m[22m
<w> [1m[33mUse map.has-key instead.[39m[22m
<w> [1m[33m[39m[22m
<w> [1m[33mMore info and automated migrator: https://sass-lang.com/d/import[39m[22m
<w> [1m[33m[39m[22m
<w> [1m[33msrc\assets\scss\helper\_media-queries.scss 2:7              media-max()[39m[22m
<w> [1m[33msrc\assets\scss\components\header\_header-public.scss 53:1  @import[39m[22m
<w> [1m[33msrc\assets\scss\main.scss 16:9                              root stylesheet[39m[22m
<w> [1m[33m[39m[22m
<w> [1m[33mDeprecation Global built-in functions are deprecated and will be removed in Dart Sass 3.0.0.[39m[22m
<w> [1m[33mUse map.get instead.[39m[22m
<w> [1m[33m[39m[22m
<w> [1m[33mMore info and automated migrator: https://sass-lang.com/d/import[39m[22m
<w> [1m[33m[39m[22m
<w> [1m[33msrc\assets\scss\helper\_media-queries.scss 4:24             media-max()[39m[22m
<w> [1m[33msrc\assets\scss\components\header\_header-public.scss 53:1  @import[39m[22m
<w> [1m[33msrc\assets\scss\main.scss 16:9                              root stylesheet[39m[22m
<w> [1m[33m[39m[22m
<w> [1m[33mDeprecation Global built-in functions are deprecated and will be removed in Dart Sass 3.0.0.[39m[22m
<w> [1m[33mUse map.has-key instead.[39m[22m
<w> [1m[33m[39m[22m
<w> [1m[33mMore info and automated migrator: https://sass-lang.com/d/import[39m[22m
<w> [1m[33m[39m[22m
<w> [1m[33msrc\assets\scss\helper\_media-queries.scss 17:7  media-min()[39m[22m
<w> [1m[33msrc\assets\scss\views\guest\_guest.scss 1129:9   @import[39m[22m
<w> [1m[33msrc\assets\scss\main.scss 23:9                   root stylesheet[39m[22m
<w> [1m[33m[39m[22m
<w> [1m[33mDeprecation Global built-in functions are deprecated and will be removed in Dart Sass 3.0.0.[39m[22m
<w> [1m[33mUse map.get instead.[39m[22m
<w> [1m[33m[39m[22m
<w> [1m[33mMore info and automated migrator: https://sass-lang.com/d/import[39m[22m
<w> [1m[33m[39m[22m
<w> [1m[33msrc\assets\scss\helper\_media-queries.scss 19:24  media-min()[39m[22m
<w> [1m[33msrc\assets\scss\views\guest\_guest.scss 1129:9    @import[39m[22m
<w> [1m[33msrc\assets\scss\main.scss 23:9                    root stylesheet[39m[22m
<w> [1m[33m[39m[22m
<w> [1m[33m21 repetitive deprecation warnings omitted.[39m[22m
<w> [1m[33m[39m[22m
<w> [1m[33mnull[39m[22m

webpack compiled [1m[32msuccessfully[39m[22m
Compiling...
Compiled successfully!
[1mLOG from ./node_modules/sass-loader/dist/cjs.js sass-loader ./node_modules/css-loader/dist/cjs.js??ruleSet[1].rules[1].oneOf[7].use[1]!./node_modules/postcss-loader/dist/cjs.js??ruleSet[1].rules[1].oneOf[7].use[2]!./node_modules/resolve-url-loader/index.js??ruleSet[1].rules[1].oneOf[7].use[3]!./node_modules/sass-loader/dist/cjs.js??ruleSet[1].rules[1].oneOf[7].use[4]!./src/assets/scss/main.scss[39m[22m
<w> [1m[33mDeprecation The legacy JS API is deprecated and will be removed in Dart Sass 2.0.0.[39m[22m
<w> [1m[33m[39m[22m
<w> [1m[33mMore info: https://sass-lang.com/d/legacy-js-api[39m[22m
<w> [1m[33m[39m[22m
<w> [1m[33mnull[39m[22m
<w> [1m[33mDeprecation Sass @import rules are deprecated and will be removed in Dart Sass 3.0.0.[39m[22m
<w> [1m[33m[39m[22m
<w> [1m[33mMore info and automated migrator: https://sass-lang.com/d/import[39m[22m
<w> [1m[33m[39m[22m
<w> [1m[33msrc\assets\scss\main.scss 2:9  root stylesheet[39m[22m
<w> [1m[33m[39m[22m
<w> [1m[33mDeprecation Sass @import rules are deprecated and will be removed in Dart Sass 3.0.0.[39m[22m
<w> [1m[33m[39m[22m
<w> [1m[33mMore info and automated migrator: https://sass-lang.com/d/import[39m[22m
<w> [1m[33m[39m[22m
<w> [1m[33msrc\assets\scss\main.scss 3:9  root stylesheet[39m[22m
<w> [1m[33m[39m[22m
<w> [1m[33mDeprecation Sass @import rules are deprecated and will be removed in Dart Sass 3.0.0.[39m[22m
<w> [1m[33m[39m[22m
<w> [1m[33mMore info and automated migrator: https://sass-lang.com/d/import[39m[22m
<w> [1m[33m[39m[22m
<w> [1m[33msrc\assets\scss\main.scss 4:9  root stylesheet[39m[22m
<w> [1m[33m[39m[22m
<w> [1m[33mDeprecation Sass @import rules are deprecated and will be removed in Dart Sass 3.0.0.[39m[22m
<w> [1m[33m[39m[22m
<w> [1m[33mMore info and automated migrator: https://sass-lang.com/d/import[39m[22m
<w> [1m[33m[39m[22m
<w> [1m[33msrc\assets\scss\main.scss 7:9  root stylesheet[39m[22m
<w> [1m[33m[39m[22m
<w> [1m[33mDeprecation Sass @import rules are deprecated and will be removed in Dart Sass 3.0.0.[39m[22m
<w> [1m[33m[39m[22m
<w> [1m[33mMore info and automated migrator: https://sass-lang.com/d/import[39m[22m
<w> [1m[33m[39m[22m
<w> [1m[33msrc\assets\scss\main.scss 8:9  root stylesheet[39m[22m
<w> [1m[33m[39m[22m
<w> [1m[33mDeprecation Global built-in functions are deprecated and will be removed in Dart Sass 3.0.0.[39m[22m
<w> [1m[33mUse map.has-key instead.[39m[22m
<w> [1m[33m[39m[22m
<w> [1m[33mMore info and automated migrator: https://sass-lang.com/d/import[39m[22m
<w> [1m[33m[39m[22m
<w> [1m[33msrc\assets\scss\helper\_media-queries.scss 2:7              media-max()[39m[22m
<w> [1m[33msrc\assets\scss\components\header\_header-public.scss 53:1  @import[39m[22m
<w> [1m[33msrc\assets\scss\main.scss 16:9                              root stylesheet[39m[22m
<w> [1m[33m[39m[22m
<w> [1m[33mDeprecation Global built-in functions are deprecated and will be removed in Dart Sass 3.0.0.[39m[22m
<w> [1m[33mUse map.get instead.[39m[22m
<w> [1m[33m[39m[22m
<w> [1m[33mMore info and automated migrator: https://sass-lang.com/d/import[39m[22m
<w> [1m[33m[39m[22m
<w> [1m[33msrc\assets\scss\helper\_media-queries.scss 4:24             media-max()[39m[22m
<w> [1m[33msrc\assets\scss\components\header\_header-public.scss 53:1  @import[39m[22m
<w> [1m[33msrc\assets\scss\main.scss 16:9                              root stylesheet[39m[22m
<w> [1m[33m[39m[22m
<w> [1m[33mDeprecation Global built-in functions are deprecated and will be removed in Dart Sass 3.0.0.[39m[22m
<w> [1m[33mUse map.has-key instead.[39m[22m
<w> [1m[33m[39m[22m
<w> [1m[33mMore info and automated migrator: https://sass-lang.com/d/import[39m[22m
<w> [1m[33m[39m[22m
<w> [1m[33msrc\assets\scss\helper\_media-queries.scss 17:7  media-min()[39m[22m
<w> [1m[33msrc\assets\scss\views\guest\_guest.scss 1129:9   @import[39m[22m
<w> [1m[33msrc\assets\scss\main.scss 23:9                   root stylesheet[39m[22m
<w> [1m[33m[39m[22m
<w> [1m[33mDeprecation Global built-in functions are deprecated and will be removed in Dart Sass 3.0.0.[39m[22m
<w> [1m[33mUse map.get instead.[39m[22m
<w> [1m[33m[39m[22m
<w> [1m[33mMore info and automated migrator: https://sass-lang.com/d/import[39m[22m
<w> [1m[33m[39m[22m
<w> [1m[33msrc\assets\scss\helper\_media-queries.scss 19:24  media-min()[39m[22m
<w> [1m[33msrc\assets\scss\views\guest\_guest.scss 1129:9    @import[39m[22m
<w> [1m[33msrc\assets\scss\main.scss 23:9                    root stylesheet[39m[22m
<w> [1m[33m[39m[22m
<w> [1m[33m21 repetitive deprecation warnings omitted.[39m[22m
<w> [1m[33m[39m[22m
<w> [1m[33mnull[39m[22m

webpack compiled [1m[32msuccessfully[39m[22m
Compiling...
Compiled successfully!
webpack compiled [1m[32msuccessfully[39m[22m
Compiling...
Compiled successfully!
[1mLOG from ./node_modules/sass-loader/dist/cjs.js sass-loader ./node_modules/css-loader/dist/cjs.js??ruleSet[1].rules[1].oneOf[7].use[1]!./node_modules/postcss-loader/dist/cjs.js??ruleSet[1].rules[1].oneOf[7].use[2]!./node_modules/resolve-url-loader/index.js??ruleSet[1].rules[1].oneOf[7].use[3]!./node_modules/sass-loader/dist/cjs.js??ruleSet[1].rules[1].oneOf[7].use[4]!./src/assets/scss/main.scss[39m[22m
<w> [1m[33mDeprecation The legacy JS API is deprecated and will be removed in Dart Sass 2.0.0.[39m[22m
<w> [1m[33m[39m[22m
<w> [1m[33mMore info: https://sass-lang.com/d/legacy-js-api[39m[22m
<w> [1m[33m[39m[22m
<w> [1m[33mnull[39m[22m
<w> [1m[33mDeprecation Sass @import rules are deprecated and will be removed in Dart Sass 3.0.0.[39m[22m
<w> [1m[33m[39m[22m
<w> [1m[33mMore info and automated migrator: https://sass-lang.com/d/import[39m[22m
<w> [1m[33m[39m[22m
<w> [1m[33msrc\assets\scss\main.scss 2:9  root stylesheet[39m[22m
<w> [1m[33m[39m[22m
<w> [1m[33mDeprecation Sass @import rules are deprecated and will be removed in Dart Sass 3.0.0.[39m[22m
<w> [1m[33m[39m[22m
<w> [1m[33mMore info and automated migrator: https://sass-lang.com/d/import[39m[22m
<w> [1m[33m[39m[22m
<w> [1m[33msrc\assets\scss\main.scss 3:9  root stylesheet[39m[22m
<w> [1m[33m[39m[22m
<w> [1m[33mDeprecation Sass @import rules are deprecated and will be removed in Dart Sass 3.0.0.[39m[22m
<w> [1m[33m[39m[22m
<w> [1m[33mMore info and automated migrator: https://sass-lang.com/d/import[39m[22m
<w> [1m[33m[39m[22m
<w> [1m[33msrc\assets\scss\main.scss 4:9  root stylesheet[39m[22m
<w> [1m[33m[39m[22m
<w> [1m[33mDeprecation Sass @import rules are deprecated and will be removed in Dart Sass 3.0.0.[39m[22m
<w> [1m[33m[39m[22m
<w> [1m[33mMore info and automated migrator: https://sass-lang.com/d/import[39m[22m
<w> [1m[33m[39m[22m
<w> [1m[33msrc\assets\scss\main.scss 7:9  root stylesheet[39m[22m
<w> [1m[33m[39m[22m
<w> [1m[33mDeprecation Sass @import rules are deprecated and will be removed in Dart Sass 3.0.0.[39m[22m
<w> [1m[33m[39m[22m
<w> [1m[33mMore info and automated migrator: https://sass-lang.com/d/import[39m[22m
<w> [1m[33m[39m[22m
<w> [1m[33msrc\assets\scss\main.scss 8:9  root stylesheet[39m[22m
<w> [1m[33m[39m[22m
<w> [1m[33mDeprecation Global built-in functions are deprecated and will be removed in Dart Sass 3.0.0.[39m[22m
<w> [1m[33mUse map.has-key instead.[39m[22m
<w> [1m[33m[39m[22m
<w> [1m[33mMore info and automated migrator: https://sass-lang.com/d/import[39m[22m
<w> [1m[33m[39m[22m
<w> [1m[33msrc\assets\scss\helper\_media-queries.scss 2:7              media-max()[39m[22m
<w> [1m[33msrc\assets\scss\components\header\_header-public.scss 53:1  @import[39m[22m
<w> [1m[33msrc\assets\scss\main.scss 16:9                              root stylesheet[39m[22m
<w> [1m[33m[39m[22m
<w> [1m[33mDeprecation Global built-in functions are deprecated and will be removed in Dart Sass 3.0.0.[39m[22m
<w> [1m[33mUse map.get instead.[39m[22m
<w> [1m[33m[39m[22m
<w> [1m[33mMore info and automated migrator: https://sass-lang.com/d/import[39m[22m
<w> [1m[33m[39m[22m
<w> [1m[33msrc\assets\scss\helper\_media-queries.scss 4:24             media-max()[39m[22m
<w> [1m[33msrc\assets\scss\components\header\_header-public.scss 53:1  @import[39m[22m
<w> [1m[33msrc\assets\scss\main.scss 16:9                              root stylesheet[39m[22m
<w> [1m[33m[39m[22m
<w> [1m[33mDeprecation Global built-in functions are deprecated and will be removed in Dart Sass 3.0.0.[39m[22m
<w> [1m[33mUse map.has-key instead.[39m[22m
<w> [1m[33m[39m[22m
<w> [1m[33mMore info and automated migrator: https://sass-lang.com/d/import[39m[22m
<w> [1m[33m[39m[22m
<w> [1m[33msrc\assets\scss\helper\_media-queries.scss 17:7  media-min()[39m[22m
<w> [1m[33msrc\assets\scss\views\guest\_guest.scss 1147:9   @import[39m[22m
<w> [1m[33msrc\assets\scss\main.scss 23:9                   root stylesheet[39m[22m
<w> [1m[33m[39m[22m
<w> [1m[33mDeprecation Global built-in functions are deprecated and will be removed in Dart Sass 3.0.0.[39m[22m
<w> [1m[33mUse map.get instead.[39m[22m
<w> [1m[33m[39m[22m
<w> [1m[33mMore info and automated migrator: https://sass-lang.com/d/import[39m[22m
<w> [1m[33m[39m[22m
<w> [1m[33msrc\assets\scss\helper\_media-queries.scss 19:24  media-min()[39m[22m
<w> [1m[33msrc\assets\scss\views\guest\_guest.scss 1147:9    @import[39m[22m
<w> [1m[33msrc\assets\scss\main.scss 23:9                    root stylesheet[39m[22m
<w> [1m[33m[39m[22m
<w> [1m[33m21 repetitive deprecation warnings omitted.[39m[22m
<w> [1m[33m[39m[22m
<w> [1m[33mnull[39m[22m

webpack compiled [1m[32msuccessfully[39m[22m
Compiling...
Compiled successfully!
[1mLOG from ./node_modules/sass-loader/dist/cjs.js sass-loader ./node_modules/css-loader/dist/cjs.js??ruleSet[1].rules[1].oneOf[7].use[1]!./node_modules/postcss-loader/dist/cjs.js??ruleSet[1].rules[1].oneOf[7].use[2]!./node_modules/resolve-url-loader/index.js??ruleSet[1].rules[1].oneOf[7].use[3]!./node_modules/sass-loader/dist/cjs.js??ruleSet[1].rules[1].oneOf[7].use[4]!./src/assets/scss/main.scss[39m[22m
<w> [1m[33mDeprecation The legacy JS API is deprecated and will be removed in Dart Sass 2.0.0.[39m[22m
<w> [1m[33m[39m[22m
<w> [1m[33mMore info: https://sass-lang.com/d/legacy-js-api[39m[22m
<w> [1m[33m[39m[22m
<w> [1m[33mnull[39m[22m
<w> [1m[33mDeprecation Sass @import rules are deprecated and will be removed in Dart Sass 3.0.0.[39m[22m
<w> [1m[33m[39m[22m
<w> [1m[33mMore info and automated migrator: https://sass-lang.com/d/import[39m[22m
<w> [1m[33m[39m[22m
<w> [1m[33msrc\assets\scss\main.scss 2:9  root stylesheet[39m[22m
<w> [1m[33m[39m[22m
<w> [1m[33mDeprecation Sass @import rules are deprecated and will be removed in Dart Sass 3.0.0.[39m[22m
<w> [1m[33m[39m[22m
<w> [1m[33mMore info and automated migrator: https://sass-lang.com/d/import[39m[22m
<w> [1m[33m[39m[22m
<w> [1m[33msrc\assets\scss\main.scss 3:9  root stylesheet[39m[22m
<w> [1m[33m[39m[22m
<w> [1m[33mDeprecation Sass @import rules are deprecated and will be removed in Dart Sass 3.0.0.[39m[22m
<w> [1m[33m[39m[22m
<w> [1m[33mMore info and automated migrator: https://sass-lang.com/d/import[39m[22m
<w> [1m[33m[39m[22m
<w> [1m[33msrc\assets\scss\main.scss 4:9  root stylesheet[39m[22m
<w> [1m[33m[39m[22m
<w> [1m[33mDeprecation Sass @import rules are deprecated and will be removed in Dart Sass 3.0.0.[39m[22m
<w> [1m[33m[39m[22m
<w> [1m[33mMore info and automated migrator: https://sass-lang.com/d/import[39m[22m
<w> [1m[33m[39m[22m
<w> [1m[33msrc\assets\scss\main.scss 7:9  root stylesheet[39m[22m
<w> [1m[33m[39m[22m
<w> [1m[33mDeprecation Sass @import rules are deprecated and will be removed in Dart Sass 3.0.0.[39m[22m
<w> [1m[33m[39m[22m
<w> [1m[33mMore info and automated migrator: https://sass-lang.com/d/import[39m[22m
<w> [1m[33m[39m[22m
<w> [1m[33msrc\assets\scss\main.scss 8:9  root stylesheet[39m[22m
<w> [1m[33m[39m[22m
<w> [1m[33mDeprecation Global built-in functions are deprecated and will be removed in Dart Sass 3.0.0.[39m[22m
<w> [1m[33mUse map.has-key instead.[39m[22m
<w> [1m[33m[39m[22m
<w> [1m[33mMore info and automated migrator: https://sass-lang.com/d/import[39m[22m
<w> [1m[33m[39m[22m
<w> [1m[33msrc\assets\scss\helper\_media-queries.scss 2:7              media-max()[39m[22m
<w> [1m[33msrc\assets\scss\components\header\_header-public.scss 53:1  @import[39m[22m
<w> [1m[33msrc\assets\scss\main.scss 16:9                              root stylesheet[39m[22m
<w> [1m[33m[39m[22m
<w> [1m[33mDeprecation Global built-in functions are deprecated and will be removed in Dart Sass 3.0.0.[39m[22m
<w> [1m[33mUse map.get instead.[39m[22m
<w> [1m[33m[39m[22m
<w> [1m[33mMore info and automated migrator: https://sass-lang.com/d/import[39m[22m
<w> [1m[33m[39m[22m
<w> [1m[33msrc\assets\scss\helper\_media-queries.scss 4:24             media-max()[39m[22m
<w> [1m[33msrc\assets\scss\components\header\_header-public.scss 53:1  @import[39m[22m
<w> [1m[33msrc\assets\scss\main.scss 16:9                              root stylesheet[39m[22m
<w> [1m[33m[39m[22m
<w> [1m[33mDeprecation Global built-in functions are deprecated and will be removed in Dart Sass 3.0.0.[39m[22m
<w> [1m[33mUse map.has-key instead.[39m[22m
<w> [1m[33m[39m[22m
<w> [1m[33mMore info and automated migrator: https://sass-lang.com/d/import[39m[22m
<w> [1m[33m[39m[22m
<w> [1m[33msrc\assets\scss\helper\_media-queries.scss 17:7  media-min()[39m[22m
<w> [1m[33msrc\assets\scss\views\guest\_guest.scss 1253:9   @import[39m[22m
<w> [1m[33msrc\assets\scss\main.scss 23:9                   root stylesheet[39m[22m
<w> [1m[33m[39m[22m
<w> [1m[33mDeprecation Global built-in functions are deprecated and will be removed in Dart Sass 3.0.0.[39m[22m
<w> [1m[33mUse map.get instead.[39m[22m
<w> [1m[33m[39m[22m
<w> [1m[33mMore info and automated migrator: https://sass-lang.com/d/import[39m[22m
<w> [1m[33m[39m[22m
<w> [1m[33msrc\assets\scss\helper\_media-queries.scss 19:24  media-min()[39m[22m
<w> [1m[33msrc\assets\scss\views\guest\_guest.scss 1253:9    @import[39m[22m
<w> [1m[33msrc\assets\scss\main.scss 23:9                    root stylesheet[39m[22m
<w> [1m[33m[39m[22m
<w> [1m[33m21 repetitive deprecation warnings omitted.[39m[22m
<w> [1m[33m[39m[22m
<w> [1m[33mnull[39m[22m

webpack compiled [1m[32msuccessfully[39m[22m
Compiling...
Compiled successfully!
[1mLOG from ./node_modules/sass-loader/dist/cjs.js sass-loader ./node_modules/css-loader/dist/cjs.js??ruleSet[1].rules[1].oneOf[7].use[1]!./node_modules/postcss-loader/dist/cjs.js??ruleSet[1].rules[1].oneOf[7].use[2]!./node_modules/resolve-url-loader/index.js??ruleSet[1].rules[1].oneOf[7].use[3]!./node_modules/sass-loader/dist/cjs.js??ruleSet[1].rules[1].oneOf[7].use[4]!./src/assets/scss/main.scss[39m[22m
<w> [1m[33mDeprecation The legacy JS API is deprecated and will be removed in Dart Sass 2.0.0.[39m[22m
<w> [1m[33m[39m[22m
<w> [1m[33mMore info: https://sass-lang.com/d/legacy-js-api[39m[22m
<w> [1m[33m[39m[22m
<w> [1m[33mnull[39m[22m
<w> [1m[33mDeprecation Sass @import rules are deprecated and will be removed in Dart Sass 3.0.0.[39m[22m
<w> [1m[33m[39m[22m
<w> [1m[33mMore info and automated migrator: https://sass-lang.com/d/import[39m[22m
<w> [1m[33m[39m[22m
<w> [1m[33msrc\assets\scss\main.scss 2:9  root stylesheet[39m[22m
<w> [1m[33m[39m[22m
<w> [1m[33mDeprecation Sass @import rules are deprecated and will be removed in Dart Sass 3.0.0.[39m[22m
<w> [1m[33m[39m[22m
<w> [1m[33mMore info and automated migrator: https://sass-lang.com/d/import[39m[22m
<w> [1m[33m[39m[22m
<w> [1m[33msrc\assets\scss\main.scss 3:9  root stylesheet[39m[22m
<w> [1m[33m[39m[22m
<w> [1m[33mDeprecation Sass @import rules are deprecated and will be removed in Dart Sass 3.0.0.[39m[22m
<w> [1m[33m[39m[22m
<w> [1m[33mMore info and automated migrator: https://sass-lang.com/d/import[39m[22m
<w> [1m[33m[39m[22m
<w> [1m[33msrc\assets\scss\main.scss 4:9  root stylesheet[39m[22m
<w> [1m[33m[39m[22m
<w> [1m[33mDeprecation Sass @import rules are deprecated and will be removed in Dart Sass 3.0.0.[39m[22m
<w> [1m[33m[39m[22m
<w> [1m[33mMore info and automated migrator: https://sass-lang.com/d/import[39m[22m
<w> [1m[33m[39m[22m
<w> [1m[33msrc\assets\scss\main.scss 7:9  root stylesheet[39m[22m
<w> [1m[33m[39m[22m
<w> [1m[33mDeprecation Sass @import rules are deprecated and will be removed in Dart Sass 3.0.0.[39m[22m
<w> [1m[33m[39m[22m
<w> [1m[33mMore info and automated migrator: https://sass-lang.com/d/import[39m[22m
<w> [1m[33m[39m[22m
<w> [1m[33msrc\assets\scss\main.scss 8:9  root stylesheet[39m[22m
<w> [1m[33m[39m[22m
<w> [1m[33mDeprecation Global built-in functions are deprecated and will be removed in Dart Sass 3.0.0.[39m[22m
<w> [1m[33mUse map.has-key instead.[39m[22m
<w> [1m[33m[39m[22m
<w> [1m[33mMore info and automated migrator: https://sass-lang.com/d/import[39m[22m
<w> [1m[33m[39m[22m
<w> [1m[33msrc\assets\scss\helper\_media-queries.scss 2:7              media-max()[39m[22m
<w> [1m[33msrc\assets\scss\components\header\_header-public.scss 53:1  @import[39m[22m
<w> [1m[33msrc\assets\scss\main.scss 16:9                              root stylesheet[39m[22m
<w> [1m[33m[39m[22m
<w> [1m[33mDeprecation Global built-in functions are deprecated and will be removed in Dart Sass 3.0.0.[39m[22m
<w> [1m[33mUse map.get instead.[39m[22m
<w> [1m[33m[39m[22m
<w> [1m[33mMore info and automated migrator: https://sass-lang.com/d/import[39m[22m
<w> [1m[33m[39m[22m
<w> [1m[33msrc\assets\scss\helper\_media-queries.scss 4:24             media-max()[39m[22m
<w> [1m[33msrc\assets\scss\components\header\_header-public.scss 53:1  @import[39m[22m
<w> [1m[33msrc\assets\scss\main.scss 16:9                              root stylesheet[39m[22m
<w> [1m[33m[39m[22m
<w> [1m[33mDeprecation Global built-in functions are deprecated and will be removed in Dart Sass 3.0.0.[39m[22m
<w> [1m[33mUse map.has-key instead.[39m[22m
<w> [1m[33m[39m[22m
<w> [1m[33mMore info and automated migrator: https://sass-lang.com/d/import[39m[22m
<w> [1m[33m[39m[22m
<w> [1m[33msrc\assets\scss\helper\_media-queries.scss 17:7  media-min()[39m[22m
<w> [1m[33msrc\assets\scss\views\guest\_guest.scss 1253:9   @import[39m[22m
<w> [1m[33msrc\assets\scss\main.scss 23:9                   root stylesheet[39m[22m
<w> [1m[33m[39m[22m
<w> [1m[33mDeprecation Global built-in functions are deprecated and will be removed in Dart Sass 3.0.0.[39m[22m
<w> [1m[33mUse map.get instead.[39m[22m
<w> [1m[33m[39m[22m
<w> [1m[33mMore info and automated migrator: https://sass-lang.com/d/import[39m[22m
<w> [1m[33m[39m[22m
<w> [1m[33msrc\assets\scss\helper\_media-queries.scss 19:24  media-min()[39m[22m
<w> [1m[33msrc\assets\scss\views\guest\_guest.scss 1253:9    @import[39m[22m
<w> [1m[33msrc\assets\scss\main.scss 23:9                    root stylesheet[39m[22m
<w> [1m[33m[39m[22m
<w> [1m[33m21 repetitive deprecation warnings omitted.[39m[22m
<w> [1m[33m[39m[22m
<w> [1m[33mnull[39m[22m

webpack compiled [1m[32msuccessfully[39m[22m
Compiling...
Compiled successfully!
[1mLOG from ./node_modules/sass-loader/dist/cjs.js sass-loader ./node_modules/css-loader/dist/cjs.js??ruleSet[1].rules[1].oneOf[7].use[1]!./node_modules/postcss-loader/dist/cjs.js??ruleSet[1].rules[1].oneOf[7].use[2]!./node_modules/resolve-url-loader/index.js??ruleSet[1].rules[1].oneOf[7].use[3]!./node_modules/sass-loader/dist/cjs.js??ruleSet[1].rules[1].oneOf[7].use[4]!./src/assets/scss/main.scss[39m[22m
<w> [1m[33mDeprecation The legacy JS API is deprecated and will be removed in Dart Sass 2.0.0.[39m[22m
<w> [1m[33m[39m[22m
<w> [1m[33mMore info: https://sass-lang.com/d/legacy-js-api[39m[22m
<w> [1m[33m[39m[22m
<w> [1m[33mnull[39m[22m
<w> [1m[33mDeprecation Sass @import rules are deprecated and will be removed in Dart Sass 3.0.0.[39m[22m
<w> [1m[33m[39m[22m
<w> [1m[33mMore info and automated migrator: https://sass-lang.com/d/import[39m[22m
<w> [1m[33m[39m[22m
<w> [1m[33msrc\assets\scss\main.scss 2:9  root stylesheet[39m[22m
<w> [1m[33m[39m[22m
<w> [1m[33mDeprecation Sass @import rules are deprecated and will be removed in Dart Sass 3.0.0.[39m[22m
<w> [1m[33m[39m[22m
<w> [1m[33mMore info and automated migrator: https://sass-lang.com/d/import[39m[22m
<w> [1m[33m[39m[22m
<w> [1m[33msrc\assets\scss\main.scss 3:9  root stylesheet[39m[22m
<w> [1m[33m[39m[22m
<w> [1m[33mDeprecation Sass @import rules are deprecated and will be removed in Dart Sass 3.0.0.[39m[22m
<w> [1m[33m[39m[22m
<w> [1m[33mMore info and automated migrator: https://sass-lang.com/d/import[39m[22m
<w> [1m[33m[39m[22m
<w> [1m[33msrc\assets\scss\main.scss 4:9  root stylesheet[39m[22m
<w> [1m[33m[39m[22m
<w> [1m[33mDeprecation Sass @import rules are deprecated and will be removed in Dart Sass 3.0.0.[39m[22m
<w> [1m[33m[39m[22m
<w> [1m[33mMore info and automated migrator: https://sass-lang.com/d/import[39m[22m
<w> [1m[33m[39m[22m
<w> [1m[33msrc\assets\scss\main.scss 7:9  root stylesheet[39m[22m
<w> [1m[33m[39m[22m
<w> [1m[33mDeprecation Sass @import rules are deprecated and will be removed in Dart Sass 3.0.0.[39m[22m
<w> [1m[33m[39m[22m
<w> [1m[33mMore info and automated migrator: https://sass-lang.com/d/import[39m[22m
<w> [1m[33m[39m[22m
<w> [1m[33msrc\assets\scss\main.scss 8:9  root stylesheet[39m[22m
<w> [1m[33m[39m[22m
<w> [1m[33mDeprecation Global built-in functions are deprecated and will be removed in Dart Sass 3.0.0.[39m[22m
<w> [1m[33mUse map.has-key instead.[39m[22m
<w> [1m[33m[39m[22m
<w> [1m[33mMore info and automated migrator: https://sass-lang.com/d/import[39m[22m
<w> [1m[33m[39m[22m
<w> [1m[33msrc\assets\scss\helper\_media-queries.scss 2:7              media-max()[39m[22m
<w> [1m[33msrc\assets\scss\components\header\_header-public.scss 53:1  @import[39m[22m
<w> [1m[33msrc\assets\scss\main.scss 16:9                              root stylesheet[39m[22m
<w> [1m[33m[39m[22m
<w> [1m[33mDeprecation Global built-in functions are deprecated and will be removed in Dart Sass 3.0.0.[39m[22m
<w> [1m[33mUse map.get instead.[39m[22m
<w> [1m[33m[39m[22m
<w> [1m[33mMore info and automated migrator: https://sass-lang.com/d/import[39m[22m
<w> [1m[33m[39m[22m
<w> [1m[33msrc\assets\scss\helper\_media-queries.scss 4:24             media-max()[39m[22m
<w> [1m[33msrc\assets\scss\components\header\_header-public.scss 53:1  @import[39m[22m
<w> [1m[33msrc\assets\scss\main.scss 16:9                              root stylesheet[39m[22m
<w> [1m[33m[39m[22m
<w> [1m[33mDeprecation Global built-in functions are deprecated and will be removed in Dart Sass 3.0.0.[39m[22m
<w> [1m[33mUse map.has-key instead.[39m[22m
<w> [1m[33m[39m[22m
<w> [1m[33mMore info and automated migrator: https://sass-lang.com/d/import[39m[22m
<w> [1m[33m[39m[22m
<w> [1m[33msrc\assets\scss\helper\_media-queries.scss 17:7  media-min()[39m[22m
<w> [1m[33msrc\assets\scss\views\guest\_guest.scss 1324:9   @import[39m[22m
<w> [1m[33msrc\assets\scss\main.scss 23:9                   root stylesheet[39m[22m
<w> [1m[33m[39m[22m
<w> [1m[33mDeprecation Global built-in functions are deprecated and will be removed in Dart Sass 3.0.0.[39m[22m
<w> [1m[33mUse map.get instead.[39m[22m
<w> [1m[33m[39m[22m
<w> [1m[33mMore info and automated migrator: https://sass-lang.com/d/import[39m[22m
<w> [1m[33m[39m[22m
<w> [1m[33msrc\assets\scss\helper\_media-queries.scss 19:24  media-min()[39m[22m
<w> [1m[33msrc\assets\scss\views\guest\_guest.scss 1324:9    @import[39m[22m
<w> [1m[33msrc\assets\scss\main.scss 23:9                    root stylesheet[39m[22m
<w> [1m[33m[39m[22m
<w> [1m[33m21 repetitive deprecation warnings omitted.[39m[22m
<w> [1m[33m[39m[22m
<w> [1m[33mnull[39m[22m

webpack compiled [1m[32msuccessfully[39m[22m
Compiling...
Compiled successfully!
[1mLOG from ./node_modules/sass-loader/dist/cjs.js sass-loader ./node_modules/css-loader/dist/cjs.js??ruleSet[1].rules[1].oneOf[7].use[1]!./node_modules/postcss-loader/dist/cjs.js??ruleSet[1].rules[1].oneOf[7].use[2]!./node_modules/resolve-url-loader/index.js??ruleSet[1].rules[1].oneOf[7].use[3]!./node_modules/sass-loader/dist/cjs.js??ruleSet[1].rules[1].oneOf[7].use[4]!./src/assets/scss/main.scss[39m[22m
<w> [1m[33mDeprecation The legacy JS API is deprecated and will be removed in Dart Sass 2.0.0.[39m[22m
<w> [1m[33m[39m[22m
<w> [1m[33mMore info: https://sass-lang.com/d/legacy-js-api[39m[22m
<w> [1m[33m[39m[22m
<w> [1m[33mnull[39m[22m
<w> [1m[33mDeprecation Sass @import rules are deprecated and will be removed in Dart Sass 3.0.0.[39m[22m
<w> [1m[33m[39m[22m
<w> [1m[33mMore info and automated migrator: https://sass-lang.com/d/import[39m[22m
<w> [1m[33m[39m[22m
<w> [1m[33msrc\assets\scss\main.scss 2:9  root stylesheet[39m[22m
<w> [1m[33m[39m[22m
<w> [1m[33mDeprecation Sass @import rules are deprecated and will be removed in Dart Sass 3.0.0.[39m[22m
<w> [1m[33m[39m[22m
<w> [1m[33mMore info and automated migrator: https://sass-lang.com/d/import[39m[22m
<w> [1m[33m[39m[22m
<w> [1m[33msrc\assets\scss\main.scss 3:9  root stylesheet[39m[22m
<w> [1m[33m[39m[22m
<w> [1m[33mDeprecation Sass @import rules are deprecated and will be removed in Dart Sass 3.0.0.[39m[22m
<w> [1m[33m[39m[22m
<w> [1m[33mMore info and automated migrator: https://sass-lang.com/d/import[39m[22m
<w> [1m[33m[39m[22m
<w> [1m[33msrc\assets\scss\main.scss 4:9  root stylesheet[39m[22m
<w> [1m[33m[39m[22m
<w> [1m[33mDeprecation Sass @import rules are deprecated and will be removed in Dart Sass 3.0.0.[39m[22m
<w> [1m[33m[39m[22m
<w> [1m[33mMore info and automated migrator: https://sass-lang.com/d/import[39m[22m
<w> [1m[33m[39m[22m
<w> [1m[33msrc\assets\scss\main.scss 7:9  root stylesheet[39m[22m
<w> [1m[33m[39m[22m
<w> [1m[33mDeprecation Sass @import rules are deprecated and will be removed in Dart Sass 3.0.0.[39m[22m
<w> [1m[33m[39m[22m
<w> [1m[33mMore info and automated migrator: https://sass-lang.com/d/import[39m[22m
<w> [1m[33m[39m[22m
<w> [1m[33msrc\assets\scss\main.scss 8:9  root stylesheet[39m[22m
<w> [1m[33m[39m[22m
<w> [1m[33mDeprecation Global built-in functions are deprecated and will be removed in Dart Sass 3.0.0.[39m[22m
<w> [1m[33mUse map.has-key instead.[39m[22m
<w> [1m[33m[39m[22m
<w> [1m[33mMore info and automated migrator: https://sass-lang.com/d/import[39m[22m
<w> [1m[33m[39m[22m
<w> [1m[33msrc\assets\scss\helper\_media-queries.scss 2:7              media-max()[39m[22m
<w> [1m[33msrc\assets\scss\components\header\_header-public.scss 53:1  @import[39m[22m
<w> [1m[33msrc\assets\scss\main.scss 16:9                              root stylesheet[39m[22m
<w> [1m[33m[39m[22m
<w> [1m[33mDeprecation Global built-in functions are deprecated and will be removed in Dart Sass 3.0.0.[39m[22m
<w> [1m[33mUse map.get instead.[39m[22m
<w> [1m[33m[39m[22m
<w> [1m[33mMore info and automated migrator: https://sass-lang.com/d/import[39m[22m
<w> [1m[33m[39m[22m
<w> [1m[33msrc\assets\scss\helper\_media-queries.scss 4:24             media-max()[39m[22m
<w> [1m[33msrc\assets\scss\components\header\_header-public.scss 53:1  @import[39m[22m
<w> [1m[33msrc\assets\scss\main.scss 16:9                              root stylesheet[39m[22m
<w> [1m[33m[39m[22m
<w> [1m[33mDeprecation Global built-in functions are deprecated and will be removed in Dart Sass 3.0.0.[39m[22m
<w> [1m[33mUse map.has-key instead.[39m[22m
<w> [1m[33m[39m[22m
<w> [1m[33mMore info and automated migrator: https://sass-lang.com/d/import[39m[22m
<w> [1m[33m[39m[22m
<w> [1m[33msrc\assets\scss\helper\_media-queries.scss 17:7  media-min()[39m[22m
<w> [1m[33msrc\assets\scss\views\guest\_guest.scss 1324:9   @import[39m[22m
<w> [1m[33msrc\assets\scss\main.scss 23:9                   root stylesheet[39m[22m
<w> [1m[33m[39m[22m
<w> [1m[33mDeprecation Global built-in functions are deprecated and will be removed in Dart Sass 3.0.0.[39m[22m
<w> [1m[33mUse map.get instead.[39m[22m
<w> [1m[33m[39m[22m
<w> [1m[33mMore info and automated migrator: https://sass-lang.com/d/import[39m[22m
<w> [1m[33m[39m[22m
<w> [1m[33msrc\assets\scss\helper\_media-queries.scss 19:24  media-min()[39m[22m
<w> [1m[33msrc\assets\scss\views\guest\_guest.scss 1324:9    @import[39m[22m
<w> [1m[33msrc\assets\scss\main.scss 23:9                    root stylesheet[39m[22m
<w> [1m[33m[39m[22m
<w> [1m[33m21 repetitive deprecation warnings omitted.[39m[22m
<w> [1m[33m[39m[22m
<w> [1m[33mnull[39m[22m

webpack compiled [1m[32msuccessfully[39m[22m
Compiling...
Compiled successfully!
[1mLOG from ./node_modules/sass-loader/dist/cjs.js sass-loader ./node_modules/css-loader/dist/cjs.js??ruleSet[1].rules[1].oneOf[7].use[1]!./node_modules/postcss-loader/dist/cjs.js??ruleSet[1].rules[1].oneOf[7].use[2]!./node_modules/resolve-url-loader/index.js??ruleSet[1].rules[1].oneOf[7].use[3]!./node_modules/sass-loader/dist/cjs.js??ruleSet[1].rules[1].oneOf[7].use[4]!./src/assets/scss/main.scss[39m[22m
<w> [1m[33mDeprecation The legacy JS API is deprecated and will be removed in Dart Sass 2.0.0.[39m[22m
<w> [1m[33m[39m[22m
<w> [1m[33mMore info: https://sass-lang.com/d/legacy-js-api[39m[22m
<w> [1m[33m[39m[22m
<w> [1m[33mnull[39m[22m
<w> [1m[33mDeprecation Sass @import rules are deprecated and will be removed in Dart Sass 3.0.0.[39m[22m
<w> [1m[33m[39m[22m
<w> [1m[33mMore info and automated migrator: https://sass-lang.com/d/import[39m[22m
<w> [1m[33m[39m[22m
<w> [1m[33msrc\assets\scss\main.scss 2:9  root stylesheet[39m[22m
<w> [1m[33m[39m[22m
<w> [1m[33mDeprecation Sass @import rules are deprecated and will be removed in Dart Sass 3.0.0.[39m[22m
<w> [1m[33m[39m[22m
<w> [1m[33mMore info and automated migrator: https://sass-lang.com/d/import[39m[22m
<w> [1m[33m[39m[22m
<w> [1m[33msrc\assets\scss\main.scss 3:9  root stylesheet[39m[22m
<w> [1m[33m[39m[22m
<w> [1m[33mDeprecation Sass @import rules are deprecated and will be removed in Dart Sass 3.0.0.[39m[22m
<w> [1m[33m[39m[22m
<w> [1m[33mMore info and automated migrator: https://sass-lang.com/d/import[39m[22m
<w> [1m[33m[39m[22m
<w> [1m[33msrc\assets\scss\main.scss 4:9  root stylesheet[39m[22m
<w> [1m[33m[39m[22m
<w> [1m[33mDeprecation Sass @import rules are deprecated and will be removed in Dart Sass 3.0.0.[39m[22m
<w> [1m[33m[39m[22m
<w> [1m[33mMore info and automated migrator: https://sass-lang.com/d/import[39m[22m
<w> [1m[33m[39m[22m
<w> [1m[33msrc\assets\scss\main.scss 7:9  root stylesheet[39m[22m
<w> [1m[33m[39m[22m
<w> [1m[33mDeprecation Sass @import rules are deprecated and will be removed in Dart Sass 3.0.0.[39m[22m
<w> [1m[33m[39m[22m
<w> [1m[33mMore info and automated migrator: https://sass-lang.com/d/import[39m[22m
<w> [1m[33m[39m[22m
<w> [1m[33msrc\assets\scss\main.scss 8:9  root stylesheet[39m[22m
<w> [1m[33m[39m[22m
<w> [1m[33mDeprecation Global built-in functions are deprecated and will be removed in Dart Sass 3.0.0.[39m[22m
<w> [1m[33mUse map.has-key instead.[39m[22m
<w> [1m[33m[39m[22m
<w> [1m[33mMore info and automated migrator: https://sass-lang.com/d/import[39m[22m
<w> [1m[33m[39m[22m
<w> [1m[33msrc\assets\scss\helper\_media-queries.scss 2:7              media-max()[39m[22m
<w> [1m[33msrc\assets\scss\components\header\_header-public.scss 53:1  @import[39m[22m
<w> [1m[33msrc\assets\scss\main.scss 16:9                              root stylesheet[39m[22m
<w> [1m[33m[39m[22m
<w> [1m[33mDeprecation Global built-in functions are deprecated and will be removed in Dart Sass 3.0.0.[39m[22m
<w> [1m[33mUse map.get instead.[39m[22m
<w> [1m[33m[39m[22m
<w> [1m[33mMore info and automated migrator: https://sass-lang.com/d/import[39m[22m
<w> [1m[33m[39m[22m
<w> [1m[33msrc\assets\scss\helper\_media-queries.scss 4:24             media-max()[39m[22m
<w> [1m[33msrc\assets\scss\components\header\_header-public.scss 53:1  @import[39m[22m
<w> [1m[33msrc\assets\scss\main.scss 16:9                              root stylesheet[39m[22m
<w> [1m[33m[39m[22m
<w> [1m[33mDeprecation Global built-in functions are deprecated and will be removed in Dart Sass 3.0.0.[39m[22m
<w> [1m[33mUse map.has-key instead.[39m[22m
<w> [1m[33m[39m[22m
<w> [1m[33mMore info and automated migrator: https://sass-lang.com/d/import[39m[22m
<w> [1m[33m[39m[22m
<w> [1m[33msrc\assets\scss\helper\_media-queries.scss 17:7  media-min()[39m[22m
<w> [1m[33msrc\assets\scss\views\guest\_guest.scss 1363:9   @import[39m[22m
<w> [1m[33msrc\assets\scss\main.scss 23:9                   root stylesheet[39m[22m
<w> [1m[33m[39m[22m
<w> [1m[33mDeprecation Global built-in functions are deprecated and will be removed in Dart Sass 3.0.0.[39m[22m
<w> [1m[33mUse map.get instead.[39m[22m
<w> [1m[33m[39m[22m
<w> [1m[33mMore info and automated migrator: https://sass-lang.com/d/import[39m[22m
<w> [1m[33m[39m[22m
<w> [1m[33msrc\assets\scss\helper\_media-queries.scss 19:24  media-min()[39m[22m
<w> [1m[33msrc\assets\scss\views\guest\_guest.scss 1363:9    @import[39m[22m
<w> [1m[33msrc\assets\scss\main.scss 23:9                    root stylesheet[39m[22m
<w> [1m[33m[39m[22m
<w> [1m[33m21 repetitive deprecation warnings omitted.[39m[22m
<w> [1m[33m[39m[22m
<w> [1m[33mnull[39m[22m

webpack compiled [1m[32msuccessfully[39m[22m
Compiling...
Compiled successfully!
[1mLOG from ./node_modules/sass-loader/dist/cjs.js sass-loader ./node_modules/css-loader/dist/cjs.js??ruleSet[1].rules[1].oneOf[7].use[1]!./node_modules/postcss-loader/dist/cjs.js??ruleSet[1].rules[1].oneOf[7].use[2]!./node_modules/resolve-url-loader/index.js??ruleSet[1].rules[1].oneOf[7].use[3]!./node_modules/sass-loader/dist/cjs.js??ruleSet[1].rules[1].oneOf[7].use[4]!./src/assets/scss/main.scss[39m[22m
<w> [1m[33mDeprecation The legacy JS API is deprecated and will be removed in Dart Sass 2.0.0.[39m[22m
<w> [1m[33m[39m[22m
<w> [1m[33mMore info: https://sass-lang.com/d/legacy-js-api[39m[22m
<w> [1m[33m[39m[22m
<w> [1m[33mnull[39m[22m
<w> [1m[33mDeprecation Sass @import rules are deprecated and will be removed in Dart Sass 3.0.0.[39m[22m
<w> [1m[33m[39m[22m
<w> [1m[33mMore info and automated migrator: https://sass-lang.com/d/import[39m[22m
<w> [1m[33m[39m[22m
<w> [1m[33msrc\assets\scss\main.scss 2:9  root stylesheet[39m[22m
<w> [1m[33m[39m[22m
<w> [1m[33mDeprecation Sass @import rules are deprecated and will be removed in Dart Sass 3.0.0.[39m[22m
<w> [1m[33m[39m[22m
<w> [1m[33mMore info and automated migrator: https://sass-lang.com/d/import[39m[22m
<w> [1m[33m[39m[22m
<w> [1m[33msrc\assets\scss\main.scss 3:9  root stylesheet[39m[22m
<w> [1m[33m[39m[22m
<w> [1m[33mDeprecation Sass @import rules are deprecated and will be removed in Dart Sass 3.0.0.[39m[22m
<w> [1m[33m[39m[22m
<w> [1m[33mMore info and automated migrator: https://sass-lang.com/d/import[39m[22m
<w> [1m[33m[39m[22m
<w> [1m[33msrc\assets\scss\main.scss 4:9  root stylesheet[39m[22m
<w> [1m[33m[39m[22m
<w> [1m[33mDeprecation Sass @import rules are deprecated and will be removed in Dart Sass 3.0.0.[39m[22m
<w> [1m[33m[39m[22m
<w> [1m[33mMore info and automated migrator: https://sass-lang.com/d/import[39m[22m
<w> [1m[33m[39m[22m
<w> [1m[33msrc\assets\scss\main.scss 7:9  root stylesheet[39m[22m
<w> [1m[33m[39m[22m
<w> [1m[33mDeprecation Sass @import rules are deprecated and will be removed in Dart Sass 3.0.0.[39m[22m
<w> [1m[33m[39m[22m
<w> [1m[33mMore info and automated migrator: https://sass-lang.com/d/import[39m[22m
<w> [1m[33m[39m[22m
<w> [1m[33msrc\assets\scss\main.scss 8:9  root stylesheet[39m[22m
<w> [1m[33m[39m[22m
<w> [1m[33mDeprecation Global built-in functions are deprecated and will be removed in Dart Sass 3.0.0.[39m[22m
<w> [1m[33mUse map.has-key instead.[39m[22m
<w> [1m[33m[39m[22m
<w> [1m[33mMore info and automated migrator: https://sass-lang.com/d/import[39m[22m
<w> [1m[33m[39m[22m
<w> [1m[33msrc\assets\scss\helper\_media-queries.scss 2:7              media-max()[39m[22m
<w> [1m[33msrc\assets\scss\components\header\_header-public.scss 53:1  @import[39m[22m
<w> [1m[33msrc\assets\scss\main.scss 16:9                              root stylesheet[39m[22m
<w> [1m[33m[39m[22m
<w> [1m[33mDeprecation Global built-in functions are deprecated and will be removed in Dart Sass 3.0.0.[39m[22m
<w> [1m[33mUse map.get instead.[39m[22m
<w> [1m[33m[39m[22m
<w> [1m[33mMore info and automated migrator: https://sass-lang.com/d/import[39m[22m
<w> [1m[33m[39m[22m
<w> [1m[33msrc\assets\scss\helper\_media-queries.scss 4:24             media-max()[39m[22m
<w> [1m[33msrc\assets\scss\components\header\_header-public.scss 53:1  @import[39m[22m
<w> [1m[33msrc\assets\scss\main.scss 16:9                              root stylesheet[39m[22m
<w> [1m[33m[39m[22m
<w> [1m[33mDeprecation Global built-in functions are deprecated and will be removed in Dart Sass 3.0.0.[39m[22m
<w> [1m[33mUse map.has-key instead.[39m[22m
<w> [1m[33m[39m[22m
<w> [1m[33mMore info and automated migrator: https://sass-lang.com/d/import[39m[22m
<w> [1m[33m[39m[22m
<w> [1m[33msrc\assets\scss\helper\_media-queries.scss 17:7  media-min()[39m[22m
<w> [1m[33msrc\assets\scss\views\guest\_guest.scss 1363:9   @import[39m[22m
<w> [1m[33msrc\assets\scss\main.scss 23:9                   root stylesheet[39m[22m
<w> [1m[33m[39m[22m
<w> [1m[33mDeprecation Global built-in functions are deprecated and will be removed in Dart Sass 3.0.0.[39m[22m
<w> [1m[33mUse map.get instead.[39m[22m
<w> [1m[33m[39m[22m
<w> [1m[33mMore info and automated migrator: https://sass-lang.com/d/import[39m[22m
<w> [1m[33m[39m[22m
<w> [1m[33msrc\assets\scss\helper\_media-queries.scss 19:24  media-min()[39m[22m
<w> [1m[33msrc\assets\scss\views\guest\_guest.scss 1363:9    @import[39m[22m
<w> [1m[33msrc\assets\scss\main.scss 23:9                    root stylesheet[39m[22m
<w> [1m[33m[39m[22m
<w> [1m[33m21 repetitive deprecation warnings omitted.[39m[22m
<w> [1m[33m[39m[22m
<w> [1m[33mnull[39m[22m

webpack compiled [1m[32msuccessfully[39m[22m
Compiling...
Compiled successfully!
[1mLOG from ./node_modules/sass-loader/dist/cjs.js sass-loader ./node_modules/css-loader/dist/cjs.js??ruleSet[1].rules[1].oneOf[7].use[1]!./node_modules/postcss-loader/dist/cjs.js??ruleSet[1].rules[1].oneOf[7].use[2]!./node_modules/resolve-url-loader/index.js??ruleSet[1].rules[1].oneOf[7].use[3]!./node_modules/sass-loader/dist/cjs.js??ruleSet[1].rules[1].oneOf[7].use[4]!./src/assets/scss/main.scss[39m[22m
<w> [1m[33mDeprecation The legacy JS API is deprecated and will be removed in Dart Sass 2.0.0.[39m[22m
<w> [1m[33m[39m[22m
<w> [1m[33mMore info: https://sass-lang.com/d/legacy-js-api[39m[22m
<w> [1m[33m[39m[22m
<w> [1m[33mnull[39m[22m
<w> [1m[33mDeprecation Sass @import rules are deprecated and will be removed in Dart Sass 3.0.0.[39m[22m
<w> [1m[33m[39m[22m
<w> [1m[33mMore info and automated migrator: https://sass-lang.com/d/import[39m[22m
<w> [1m[33m[39m[22m
<w> [1m[33msrc\assets\scss\main.scss 2:9  root stylesheet[39m[22m
<w> [1m[33m[39m[22m
<w> [1m[33mDeprecation Sass @import rules are deprecated and will be removed in Dart Sass 3.0.0.[39m[22m
<w> [1m[33m[39m[22m
<w> [1m[33mMore info and automated migrator: https://sass-lang.com/d/import[39m[22m
<w> [1m[33m[39m[22m
<w> [1m[33msrc\assets\scss\main.scss 3:9  root stylesheet[39m[22m
<w> [1m[33m[39m[22m
<w> [1m[33mDeprecation Sass @import rules are deprecated and will be removed in Dart Sass 3.0.0.[39m[22m
<w> [1m[33m[39m[22m
<w> [1m[33mMore info and automated migrator: https://sass-lang.com/d/import[39m[22m
<w> [1m[33m[39m[22m
<w> [1m[33msrc\assets\scss\main.scss 4:9  root stylesheet[39m[22m
<w> [1m[33m[39m[22m
<w> [1m[33mDeprecation Sass @import rules are deprecated and will be removed in Dart Sass 3.0.0.[39m[22m
<w> [1m[33m[39m[22m
<w> [1m[33mMore info and automated migrator: https://sass-lang.com/d/import[39m[22m
<w> [1m[33m[39m[22m
<w> [1m[33msrc\assets\scss\main.scss 7:9  root stylesheet[39m[22m
<w> [1m[33m[39m[22m
<w> [1m[33mDeprecation Sass @import rules are deprecated and will be removed in Dart Sass 3.0.0.[39m[22m
<w> [1m[33m[39m[22m
<w> [1m[33mMore info and automated migrator: https://sass-lang.com/d/import[39m[22m
<w> [1m[33m[39m[22m
<w> [1m[33msrc\assets\scss\main.scss 8:9  root stylesheet[39m[22m
<w> [1m[33m[39m[22m
<w> [1m[33mDeprecation Global built-in functions are deprecated and will be removed in Dart Sass 3.0.0.[39m[22m
<w> [1m[33mUse map.has-key instead.[39m[22m
<w> [1m[33m[39m[22m
<w> [1m[33mMore info and automated migrator: https://sass-lang.com/d/import[39m[22m
<w> [1m[33m[39m[22m
<w> [1m[33msrc\assets\scss\helper\_media-queries.scss 2:7              media-max()[39m[22m
<w> [1m[33msrc\assets\scss\components\header\_header-public.scss 53:1  @import[39m[22m
<w> [1m[33msrc\assets\scss\main.scss 16:9                              root stylesheet[39m[22m
<w> [1m[33m[39m[22m
<w> [1m[33mDeprecation Global built-in functions are deprecated and will be removed in Dart Sass 3.0.0.[39m[22m
<w> [1m[33mUse map.get instead.[39m[22m
<w> [1m[33m[39m[22m
<w> [1m[33mMore info and automated migrator: https://sass-lang.com/d/import[39m[22m
<w> [1m[33m[39m[22m
<w> [1m[33msrc\assets\scss\helper\_media-queries.scss 4:24             media-max()[39m[22m
<w> [1m[33msrc\assets\scss\components\header\_header-public.scss 53:1  @import[39m[22m
<w> [1m[33msrc\assets\scss\main.scss 16:9                              root stylesheet[39m[22m
<w> [1m[33m[39m[22m
<w> [1m[33mDeprecation Global built-in functions are deprecated and will be removed in Dart Sass 3.0.0.[39m[22m
<w> [1m[33mUse map.has-key instead.[39m[22m
<w> [1m[33m[39m[22m
<w> [1m[33mMore info and automated migrator: https://sass-lang.com/d/import[39m[22m
<w> [1m[33m[39m[22m
<w> [1m[33msrc\assets\scss\helper\_media-queries.scss 17:7  media-min()[39m[22m
<w> [1m[33msrc\assets\scss\views\guest\_guest.scss 1364:9   @import[39m[22m
<w> [1m[33msrc\assets\scss\main.scss 23:9                   root stylesheet[39m[22m
<w> [1m[33m[39m[22m
<w> [1m[33mDeprecation Global built-in functions are deprecated and will be removed in Dart Sass 3.0.0.[39m[22m
<w> [1m[33mUse map.get instead.[39m[22m
<w> [1m[33m[39m[22m
<w> [1m[33mMore info and automated migrator: https://sass-lang.com/d/import[39m[22m
<w> [1m[33m[39m[22m
<w> [1m[33msrc\assets\scss\helper\_media-queries.scss 19:24  media-min()[39m[22m
<w> [1m[33msrc\assets\scss\views\guest\_guest.scss 1364:9    @import[39m[22m
<w> [1m[33msrc\assets\scss\main.scss 23:9                    root stylesheet[39m[22m
<w> [1m[33m[39m[22m
<w> [1m[33m21 repetitive deprecation warnings omitted.[39m[22m
<w> [1m[33m[39m[22m
<w> [1m[33mnull[39m[22m

webpack compiled [1m[32msuccessfully[39m[22m
Compiling...
Compiled successfully!
[1mLOG from ./node_modules/sass-loader/dist/cjs.js sass-loader ./node_modules/css-loader/dist/cjs.js??ruleSet[1].rules[1].oneOf[7].use[1]!./node_modules/postcss-loader/dist/cjs.js??ruleSet[1].rules[1].oneOf[7].use[2]!./node_modules/resolve-url-loader/index.js??ruleSet[1].rules[1].oneOf[7].use[3]!./node_modules/sass-loader/dist/cjs.js??ruleSet[1].rules[1].oneOf[7].use[4]!./src/assets/scss/main.scss[39m[22m
<w> [1m[33mDeprecation The legacy JS API is deprecated and will be removed in Dart Sass 2.0.0.[39m[22m
<w> [1m[33m[39m[22m
<w> [1m[33mMore info: https://sass-lang.com/d/legacy-js-api[39m[22m
<w> [1m[33m[39m[22m
<w> [1m[33mnull[39m[22m
<w> [1m[33mDeprecation Sass @import rules are deprecated and will be removed in Dart Sass 3.0.0.[39m[22m
<w> [1m[33m[39m[22m
<w> [1m[33mMore info and automated migrator: https://sass-lang.com/d/import[39m[22m
<w> [1m[33m[39m[22m
<w> [1m[33msrc\assets\scss\main.scss 2:9  root stylesheet[39m[22m
<w> [1m[33m[39m[22m
<w> [1m[33mDeprecation Sass @import rules are deprecated and will be removed in Dart Sass 3.0.0.[39m[22m
<w> [1m[33m[39m[22m
<w> [1m[33mMore info and automated migrator: https://sass-lang.com/d/import[39m[22m
<w> [1m[33m[39m[22m
<w> [1m[33msrc\assets\scss\main.scss 3:9  root stylesheet[39m[22m
<w> [1m[33m[39m[22m
<w> [1m[33mDeprecation Sass @import rules are deprecated and will be removed in Dart Sass 3.0.0.[39m[22m
<w> [1m[33m[39m[22m
<w> [1m[33mMore info and automated migrator: https://sass-lang.com/d/import[39m[22m
<w> [1m[33m[39m[22m
<w> [1m[33msrc\assets\scss\main.scss 4:9  root stylesheet[39m[22m
<w> [1m[33m[39m[22m
<w> [1m[33mDeprecation Sass @import rules are deprecated and will be removed in Dart Sass 3.0.0.[39m[22m
<w> [1m[33m[39m[22m
<w> [1m[33mMore info and automated migrator: https://sass-lang.com/d/import[39m[22m
<w> [1m[33m[39m[22m
<w> [1m[33msrc\assets\scss\main.scss 7:9  root stylesheet[39m[22m
<w> [1m[33m[39m[22m
<w> [1m[33mDeprecation Sass @import rules are deprecated and will be removed in Dart Sass 3.0.0.[39m[22m
<w> [1m[33m[39m[22m
<w> [1m[33mMore info and automated migrator: https://sass-lang.com/d/import[39m[22m
<w> [1m[33m[39m[22m
<w> [1m[33msrc\assets\scss\main.scss 8:9  root stylesheet[39m[22m
<w> [1m[33m[39m[22m
<w> [1m[33mDeprecation Global built-in functions are deprecated and will be removed in Dart Sass 3.0.0.[39m[22m
<w> [1m[33mUse map.has-key instead.[39m[22m
<w> [1m[33m[39m[22m
<w> [1m[33mMore info and automated migrator: https://sass-lang.com/d/import[39m[22m
<w> [1m[33m[39m[22m
<w> [1m[33msrc\assets\scss\helper\_media-queries.scss 2:7              media-max()[39m[22m
<w> [1m[33msrc\assets\scss\components\header\_header-public.scss 53:1  @import[39m[22m
<w> [1m[33msrc\assets\scss\main.scss 16:9                              root stylesheet[39m[22m
<w> [1m[33m[39m[22m
<w> [1m[33mDeprecation Global built-in functions are deprecated and will be removed in Dart Sass 3.0.0.[39m[22m
<w> [1m[33mUse map.get instead.[39m[22m
<w> [1m[33m[39m[22m
<w> [1m[33mMore info and automated migrator: https://sass-lang.com/d/import[39m[22m
<w> [1m[33m[39m[22m
<w> [1m[33msrc\assets\scss\helper\_media-queries.scss 4:24             media-max()[39m[22m
<w> [1m[33msrc\assets\scss\components\header\_header-public.scss 53:1  @import[39m[22m
<w> [1m[33msrc\assets\scss\main.scss 16:9                              root stylesheet[39m[22m
<w> [1m[33m[39m[22m
<w> [1m[33mDeprecation Global built-in functions are deprecated and will be removed in Dart Sass 3.0.0.[39m[22m
<w> [1m[33mUse map.has-key instead.[39m[22m
<w> [1m[33m[39m[22m
<w> [1m[33mMore info and automated migrator: https://sass-lang.com/d/import[39m[22m
<w> [1m[33m[39m[22m
<w> [1m[33msrc\assets\scss\helper\_media-queries.scss 17:7  media-min()[39m[22m
<w> [1m[33msrc\assets\scss\views\guest\_guest.scss 1373:9   @import[39m[22m
<w> [1m[33msrc\assets\scss\main.scss 23:9                   root stylesheet[39m[22m
<w> [1m[33m[39m[22m
<w> [1m[33mDeprecation Global built-in functions are deprecated and will be removed in Dart Sass 3.0.0.[39m[22m
<w> [1m[33mUse map.get instead.[39m[22m
<w> [1m[33m[39m[22m
<w> [1m[33mMore info and automated migrator: https://sass-lang.com/d/import[39m[22m
<w> [1m[33m[39m[22m
<w> [1m[33msrc\assets\scss\helper\_media-queries.scss 19:24  media-min()[39m[22m
<w> [1m[33msrc\assets\scss\views\guest\_guest.scss 1373:9    @import[39m[22m
<w> [1m[33msrc\assets\scss\main.scss 23:9                    root stylesheet[39m[22m
<w> [1m[33m[39m[22m
<w> [1m[33m21 repetitive deprecation warnings omitted.[39m[22m
<w> [1m[33m[39m[22m
<w> [1m[33mnull[39m[22m

webpack compiled [1m[32msuccessfully[39m[22m
Compiling...
Compiled successfully!
[1mLOG from ./node_modules/sass-loader/dist/cjs.js sass-loader ./node_modules/css-loader/dist/cjs.js??ruleSet[1].rules[1].oneOf[7].use[1]!./node_modules/postcss-loader/dist/cjs.js??ruleSet[1].rules[1].oneOf[7].use[2]!./node_modules/resolve-url-loader/index.js??ruleSet[1].rules[1].oneOf[7].use[3]!./node_modules/sass-loader/dist/cjs.js??ruleSet[1].rules[1].oneOf[7].use[4]!./src/assets/scss/main.scss[39m[22m
<w> [1m[33mDeprecation The legacy JS API is deprecated and will be removed in Dart Sass 2.0.0.[39m[22m
<w> [1m[33m[39m[22m
<w> [1m[33mMore info: https://sass-lang.com/d/legacy-js-api[39m[22m
<w> [1m[33m[39m[22m
<w> [1m[33mnull[39m[22m
<w> [1m[33mDeprecation Sass @import rules are deprecated and will be removed in Dart Sass 3.0.0.[39m[22m
<w> [1m[33m[39m[22m
<w> [1m[33mMore info and automated migrator: https://sass-lang.com/d/import[39m[22m
<w> [1m[33m[39m[22m
<w> [1m[33msrc\assets\scss\main.scss 2:9  root stylesheet[39m[22m
<w> [1m[33m[39m[22m
<w> [1m[33mDeprecation Sass @import rules are deprecated and will be removed in Dart Sass 3.0.0.[39m[22m
<w> [1m[33m[39m[22m
<w> [1m[33mMore info and automated migrator: https://sass-lang.com/d/import[39m[22m
<w> [1m[33m[39m[22m
<w> [1m[33msrc\assets\scss\main.scss 3:9  root stylesheet[39m[22m
<w> [1m[33m[39m[22m
<w> [1m[33mDeprecation Sass @import rules are deprecated and will be removed in Dart Sass 3.0.0.[39m[22m
<w> [1m[33m[39m[22m
<w> [1m[33mMore info and automated migrator: https://sass-lang.com/d/import[39m[22m
<w> [1m[33m[39m[22m
<w> [1m[33msrc\assets\scss\main.scss 4:9  root stylesheet[39m[22m
<w> [1m[33m[39m[22m
<w> [1m[33mDeprecation Sass @import rules are deprecated and will be removed in Dart Sass 3.0.0.[39m[22m
<w> [1m[33m[39m[22m
<w> [1m[33mMore info and automated migrator: https://sass-lang.com/d/import[39m[22m
<w> [1m[33m[39m[22m
<w> [1m[33msrc\assets\scss\main.scss 7:9  root stylesheet[39m[22m
<w> [1m[33m[39m[22m
<w> [1m[33mDeprecation Sass @import rules are deprecated and will be removed in Dart Sass 3.0.0.[39m[22m
<w> [1m[33m[39m[22m
<w> [1m[33mMore info and automated migrator: https://sass-lang.com/d/import[39m[22m
<w> [1m[33m[39m[22m
<w> [1m[33msrc\assets\scss\main.scss 8:9  root stylesheet[39m[22m
<w> [1m[33m[39m[22m
<w> [1m[33mDeprecation Global built-in functions are deprecated and will be removed in Dart Sass 3.0.0.[39m[22m
<w> [1m[33mUse map.has-key instead.[39m[22m
<w> [1m[33m[39m[22m
<w> [1m[33mMore info and automated migrator: https://sass-lang.com/d/import[39m[22m
<w> [1m[33m[39m[22m
<w> [1m[33msrc\assets\scss\helper\_media-queries.scss 2:7              media-max()[39m[22m
<w> [1m[33msrc\assets\scss\components\header\_header-public.scss 53:1  @import[39m[22m
<w> [1m[33msrc\assets\scss\main.scss 16:9                              root stylesheet[39m[22m
<w> [1m[33m[39m[22m
<w> [1m[33mDeprecation Global built-in functions are deprecated and will be removed in Dart Sass 3.0.0.[39m[22m
<w> [1m[33mUse map.get instead.[39m[22m
<w> [1m[33m[39m[22m
<w> [1m[33mMore info and automated migrator: https://sass-lang.com/d/import[39m[22m
<w> [1m[33m[39m[22m
<w> [1m[33msrc\assets\scss\helper\_media-queries.scss 4:24             media-max()[39m[22m
<w> [1m[33msrc\assets\scss\components\header\_header-public.scss 53:1  @import[39m[22m
<w> [1m[33msrc\assets\scss\main.scss 16:9                              root stylesheet[39m[22m
<w> [1m[33m[39m[22m
<w> [1m[33mDeprecation Global built-in functions are deprecated and will be removed in Dart Sass 3.0.0.[39m[22m
<w> [1m[33mUse map.has-key instead.[39m[22m
<w> [1m[33m[39m[22m
<w> [1m[33mMore info and automated migrator: https://sass-lang.com/d/import[39m[22m
<w> [1m[33m[39m[22m
<w> [1m[33msrc\assets\scss\helper\_media-queries.scss 17:7  media-min()[39m[22m
<w> [1m[33msrc\assets\scss\views\guest\_guest.scss 1363:9   @import[39m[22m
<w> [1m[33msrc\assets\scss\main.scss 23:9                   root stylesheet[39m[22m
<w> [1m[33m[39m[22m
<w> [1m[33mDeprecation Global built-in functions are deprecated and will be removed in Dart Sass 3.0.0.[39m[22m
<w> [1m[33mUse map.get instead.[39m[22m
<w> [1m[33m[39m[22m
<w> [1m[33mMore info and automated migrator: https://sass-lang.com/d/import[39m[22m
<w> [1m[33m[39m[22m
<w> [1m[33msrc\assets\scss\helper\_media-queries.scss 19:24  media-min()[39m[22m
<w> [1m[33msrc\assets\scss\views\guest\_guest.scss 1363:9    @import[39m[22m
<w> [1m[33msrc\assets\scss\main.scss 23:9                    root stylesheet[39m[22m
<w> [1m[33m[39m[22m
<w> [1m[33m21 repetitive deprecation warnings omitted.[39m[22m
<w> [1m[33m[39m[22m
<w> [1m[33mnull[39m[22m

webpack compiled [1m[32msuccessfully[39m[22m
Compiling...
Compiled successfully!
[1mLOG from ./node_modules/sass-loader/dist/cjs.js sass-loader ./node_modules/css-loader/dist/cjs.js??ruleSet[1].rules[1].oneOf[7].use[1]!./node_modules/postcss-loader/dist/cjs.js??ruleSet[1].rules[1].oneOf[7].use[2]!./node_modules/resolve-url-loader/index.js??ruleSet[1].rules[1].oneOf[7].use[3]!./node_modules/sass-loader/dist/cjs.js??ruleSet[1].rules[1].oneOf[7].use[4]!./src/assets/scss/main.scss[39m[22m
<w> [1m[33mDeprecation The legacy JS API is deprecated and will be removed in Dart Sass 2.0.0.[39m[22m
<w> [1m[33m[39m[22m
<w> [1m[33mMore info: https://sass-lang.com/d/legacy-js-api[39m[22m
<w> [1m[33m[39m[22m
<w> [1m[33mnull[39m[22m
<w> [1m[33mDeprecation Sass @import rules are deprecated and will be removed in Dart Sass 3.0.0.[39m[22m
<w> [1m[33m[39m[22m
<w> [1m[33mMore info and automated migrator: https://sass-lang.com/d/import[39m[22m
<w> [1m[33m[39m[22m
<w> [1m[33msrc\assets\scss\main.scss 2:9  root stylesheet[39m[22m
<w> [1m[33m[39m[22m
<w> [1m[33mDeprecation Sass @import rules are deprecated and will be removed in Dart Sass 3.0.0.[39m[22m
<w> [1m[33m[39m[22m
<w> [1m[33mMore info and automated migrator: https://sass-lang.com/d/import[39m[22m
<w> [1m[33m[39m[22m
<w> [1m[33msrc\assets\scss\main.scss 3:9  root stylesheet[39m[22m
<w> [1m[33m[39m[22m
<w> [1m[33mDeprecation Sass @import rules are deprecated and will be removed in Dart Sass 3.0.0.[39m[22m
<w> [1m[33m[39m[22m
<w> [1m[33mMore info and automated migrator: https://sass-lang.com/d/import[39m[22m
<w> [1m[33m[39m[22m
<w> [1m[33msrc\assets\scss\main.scss 4:9  root stylesheet[39m[22m
<w> [1m[33m[39m[22m
<w> [1m[33mDeprecation Sass @import rules are deprecated and will be removed in Dart Sass 3.0.0.[39m[22m
<w> [1m[33m[39m[22m
<w> [1m[33mMore info and automated migrator: https://sass-lang.com/d/import[39m[22m
<w> [1m[33m[39m[22m
<w> [1m[33msrc\assets\scss\main.scss 7:9  root stylesheet[39m[22m
<w> [1m[33m[39m[22m
<w> [1m[33mDeprecation Sass @import rules are deprecated and will be removed in Dart Sass 3.0.0.[39m[22m
<w> [1m[33m[39m[22m
<w> [1m[33mMore info and automated migrator: https://sass-lang.com/d/import[39m[22m
<w> [1m[33m[39m[22m
<w> [1m[33msrc\assets\scss\main.scss 8:9  root stylesheet[39m[22m
<w> [1m[33m[39m[22m
<w> [1m[33mDeprecation Global built-in functions are deprecated and will be removed in Dart Sass 3.0.0.[39m[22m
<w> [1m[33mUse map.has-key instead.[39m[22m
<w> [1m[33m[39m[22m
<w> [1m[33mMore info and automated migrator: https://sass-lang.com/d/import[39m[22m
<w> [1m[33m[39m[22m
<w> [1m[33msrc\assets\scss\helper\_media-queries.scss 2:7              media-max()[39m[22m
<w> [1m[33msrc\assets\scss\components\header\_header-public.scss 53:1  @import[39m[22m
<w> [1m[33msrc\assets\scss\main.scss 16:9                              root stylesheet[39m[22m
<w> [1m[33m[39m[22m
<w> [1m[33mDeprecation Global built-in functions are deprecated and will be removed in Dart Sass 3.0.0.[39m[22m
<w> [1m[33mUse map.get instead.[39m[22m
<w> [1m[33m[39m[22m
<w> [1m[33mMore info and automated migrator: https://sass-lang.com/d/import[39m[22m
<w> [1m[33m[39m[22m
<w> [1m[33msrc\assets\scss\helper\_media-queries.scss 4:24             media-max()[39m[22m
<w> [1m[33msrc\assets\scss\components\header\_header-public.scss 53:1  @import[39m[22m
<w> [1m[33msrc\assets\scss\main.scss 16:9                              root stylesheet[39m[22m
<w> [1m[33m[39m[22m
<w> [1m[33mDeprecation Global built-in functions are deprecated and will be removed in Dart Sass 3.0.0.[39m[22m
<w> [1m[33mUse map.has-key instead.[39m[22m
<w> [1m[33m[39m[22m
<w> [1m[33mMore info and automated migrator: https://sass-lang.com/d/import[39m[22m
<w> [1m[33m[39m[22m
<w> [1m[33msrc\assets\scss\helper\_media-queries.scss 17:7  media-min()[39m[22m
<w> [1m[33msrc\assets\scss\views\guest\_guest.scss 1375:9   @import[39m[22m
<w> [1m[33msrc\assets\scss\main.scss 23:9                   root stylesheet[39m[22m
<w> [1m[33m[39m[22m
<w> [1m[33mDeprecation Global built-in functions are deprecated and will be removed in Dart Sass 3.0.0.[39m[22m
<w> [1m[33mUse map.get instead.[39m[22m
<w> [1m[33m[39m[22m
<w> [1m[33mMore info and automated migrator: https://sass-lang.com/d/import[39m[22m
<w> [1m[33m[39m[22m
<w> [1m[33msrc\assets\scss\helper\_media-queries.scss 19:24  media-min()[39m[22m
<w> [1m[33msrc\assets\scss\views\guest\_guest.scss 1375:9    @import[39m[22m
<w> [1m[33msrc\assets\scss\main.scss 23:9                    root stylesheet[39m[22m
<w> [1m[33m[39m[22m
<w> [1m[33m21 repetitive deprecation warnings omitted.[39m[22m
<w> [1m[33m[39m[22m
<w> [1m[33mnull[39m[22m

webpack compiled [1m[32msuccessfully[39m[22m
Compiling...
Compiled successfully!
[1mLOG from ./node_modules/sass-loader/dist/cjs.js sass-loader ./node_modules/css-loader/dist/cjs.js??ruleSet[1].rules[1].oneOf[7].use[1]!./node_modules/postcss-loader/dist/cjs.js??ruleSet[1].rules[1].oneOf[7].use[2]!./node_modules/resolve-url-loader/index.js??ruleSet[1].rules[1].oneOf[7].use[3]!./node_modules/sass-loader/dist/cjs.js??ruleSet[1].rules[1].oneOf[7].use[4]!./src/assets/scss/main.scss[39m[22m
<w> [1m[33mDeprecation The legacy JS API is deprecated and will be removed in Dart Sass 2.0.0.[39m[22m
<w> [1m[33m[39m[22m
<w> [1m[33mMore info: https://sass-lang.com/d/legacy-js-api[39m[22m
<w> [1m[33m[39m[22m
<w> [1m[33mnull[39m[22m
<w> [1m[33mDeprecation Sass @import rules are deprecated and will be removed in Dart Sass 3.0.0.[39m[22m
<w> [1m[33m[39m[22m
<w> [1m[33mMore info and automated migrator: https://sass-lang.com/d/import[39m[22m
<w> [1m[33m[39m[22m
<w> [1m[33msrc\assets\scss\main.scss 2:9  root stylesheet[39m[22m
<w> [1m[33m[39m[22m
<w> [1m[33mDeprecation Sass @import rules are deprecated and will be removed in Dart Sass 3.0.0.[39m[22m
<w> [1m[33m[39m[22m
<w> [1m[33mMore info and automated migrator: https://sass-lang.com/d/import[39m[22m
<w> [1m[33m[39m[22m
<w> [1m[33msrc\assets\scss\main.scss 3:9  root stylesheet[39m[22m
<w> [1m[33m[39m[22m
<w> [1m[33mDeprecation Sass @import rules are deprecated and will be removed in Dart Sass 3.0.0.[39m[22m
<w> [1m[33m[39m[22m
<w> [1m[33mMore info and automated migrator: https://sass-lang.com/d/import[39m[22m
<w> [1m[33m[39m[22m
<w> [1m[33msrc\assets\scss\main.scss 4:9  root stylesheet[39m[22m
<w> [1m[33m[39m[22m
<w> [1m[33mDeprecation Sass @import rules are deprecated and will be removed in Dart Sass 3.0.0.[39m[22m
<w> [1m[33m[39m[22m
<w> [1m[33mMore info and automated migrator: https://sass-lang.com/d/import[39m[22m
<w> [1m[33m[39m[22m
<w> [1m[33msrc\assets\scss\main.scss 7:9  root stylesheet[39m[22m
<w> [1m[33m[39m[22m
<w> [1m[33mDeprecation Sass @import rules are deprecated and will be removed in Dart Sass 3.0.0.[39m[22m
<w> [1m[33m[39m[22m
<w> [1m[33mMore info and automated migrator: https://sass-lang.com/d/import[39m[22m
<w> [1m[33m[39m[22m
<w> [1m[33msrc\assets\scss\main.scss 8:9  root stylesheet[39m[22m
<w> [1m[33m[39m[22m
<w> [1m[33mDeprecation Global built-in functions are deprecated and will be removed in Dart Sass 3.0.0.[39m[22m
<w> [1m[33mUse map.has-key instead.[39m[22m
<w> [1m[33m[39m[22m
<w> [1m[33mMore info and automated migrator: https://sass-lang.com/d/import[39m[22m
<w> [1m[33m[39m[22m
<w> [1m[33msrc\assets\scss\helper\_media-queries.scss 2:7              media-max()[39m[22m
<w> [1m[33msrc\assets\scss\components\header\_header-public.scss 53:1  @import[39m[22m
<w> [1m[33msrc\assets\scss\main.scss 16:9                              root stylesheet[39m[22m
<w> [1m[33m[39m[22m
<w> [1m[33mDeprecation Global built-in functions are deprecated and will be removed in Dart Sass 3.0.0.[39m[22m
<w> [1m[33mUse map.get instead.[39m[22m
<w> [1m[33m[39m[22m
<w> [1m[33mMore info and automated migrator: https://sass-lang.com/d/import[39m[22m
<w> [1m[33m[39m[22m
<w> [1m[33msrc\assets\scss\helper\_media-queries.scss 4:24             media-max()[39m[22m
<w> [1m[33msrc\assets\scss\components\header\_header-public.scss 53:1  @import[39m[22m
<w> [1m[33msrc\assets\scss\main.scss 16:9                              root stylesheet[39m[22m
<w> [1m[33m[39m[22m
<w> [1m[33mDeprecation Global built-in functions are deprecated and will be removed in Dart Sass 3.0.0.[39m[22m
<w> [1m[33mUse map.has-key instead.[39m[22m
<w> [1m[33m[39m[22m
<w> [1m[33mMore info and automated migrator: https://sass-lang.com/d/import[39m[22m
<w> [1m[33m[39m[22m
<w> [1m[33msrc\assets\scss\helper\_media-queries.scss 17:7  media-min()[39m[22m
<w> [1m[33msrc\assets\scss\views\guest\_guest.scss 1375:9   @import[39m[22m
<w> [1m[33msrc\assets\scss\main.scss 23:9                   root stylesheet[39m[22m
<w> [1m[33m[39m[22m
<w> [1m[33mDeprecation Global built-in functions are deprecated and will be removed in Dart Sass 3.0.0.[39m[22m
<w> [1m[33mUse map.get instead.[39m[22m
<w> [1m[33m[39m[22m
<w> [1m[33mMore info and automated migrator: https://sass-lang.com/d/import[39m[22m
<w> [1m[33m[39m[22m
<w> [1m[33msrc\assets\scss\helper\_media-queries.scss 19:24  media-min()[39m[22m
<w> [1m[33msrc\assets\scss\views\guest\_guest.scss 1375:9    @import[39m[22m
<w> [1m[33msrc\assets\scss\main.scss 23:9                    root stylesheet[39m[22m
<w> [1m[33m[39m[22m
<w> [1m[33m21 repetitive deprecation warnings omitted.[39m[22m
<w> [1m[33m[39m[22m
<w> [1m[33mnull[39m[22m

webpack compiled [1m[32msuccessfully[39m[22m
Compiling...
Compiled successfully!
[1mLOG from ./node_modules/sass-loader/dist/cjs.js sass-loader ./node_modules/css-loader/dist/cjs.js??ruleSet[1].rules[1].oneOf[7].use[1]!./node_modules/postcss-loader/dist/cjs.js??ruleSet[1].rules[1].oneOf[7].use[2]!./node_modules/resolve-url-loader/index.js??ruleSet[1].rules[1].oneOf[7].use[3]!./node_modules/sass-loader/dist/cjs.js??ruleSet[1].rules[1].oneOf[7].use[4]!./src/assets/scss/main.scss[39m[22m
<w> [1m[33mDeprecation The legacy JS API is deprecated and will be removed in Dart Sass 2.0.0.[39m[22m
<w> [1m[33m[39m[22m
<w> [1m[33mMore info: https://sass-lang.com/d/legacy-js-api[39m[22m
<w> [1m[33m[39m[22m
<w> [1m[33mnull[39m[22m
<w> [1m[33mDeprecation Sass @import rules are deprecated and will be removed in Dart Sass 3.0.0.[39m[22m
<w> [1m[33m[39m[22m
<w> [1m[33mMore info and automated migrator: https://sass-lang.com/d/import[39m[22m
<w> [1m[33m[39m[22m
<w> [1m[33msrc\assets\scss\main.scss 2:9  root stylesheet[39m[22m
<w> [1m[33m[39m[22m
<w> [1m[33mDeprecation Sass @import rules are deprecated and will be removed in Dart Sass 3.0.0.[39m[22m
<w> [1m[33m[39m[22m
<w> [1m[33mMore info and automated migrator: https://sass-lang.com/d/import[39m[22m
<w> [1m[33m[39m[22m
<w> [1m[33msrc\assets\scss\main.scss 3:9  root stylesheet[39m[22m
<w> [1m[33m[39m[22m
<w> [1m[33mDeprecation Sass @import rules are deprecated and will be removed in Dart Sass 3.0.0.[39m[22m
<w> [1m[33m[39m[22m
<w> [1m[33mMore info and automated migrator: https://sass-lang.com/d/import[39m[22m
<w> [1m[33m[39m[22m
<w> [1m[33msrc\assets\scss\main.scss 4:9  root stylesheet[39m[22m
<w> [1m[33m[39m[22m
<w> [1m[33mDeprecation Sass @import rules are deprecated and will be removed in Dart Sass 3.0.0.[39m[22m
<w> [1m[33m[39m[22m
<w> [1m[33mMore info and automated migrator: https://sass-lang.com/d/import[39m[22m
<w> [1m[33m[39m[22m
<w> [1m[33msrc\assets\scss\main.scss 7:9  root stylesheet[39m[22m
<w> [1m[33m[39m[22m
<w> [1m[33mDeprecation Sass @import rules are deprecated and will be removed in Dart Sass 3.0.0.[39m[22m
<w> [1m[33m[39m[22m
<w> [1m[33mMore info and automated migrator: https://sass-lang.com/d/import[39m[22m
<w> [1m[33m[39m[22m
<w> [1m[33msrc\assets\scss\main.scss 8:9  root stylesheet[39m[22m
<w> [1m[33m[39m[22m
<w> [1m[33mDeprecation Global built-in functions are deprecated and will be removed in Dart Sass 3.0.0.[39m[22m
<w> [1m[33mUse map.has-key instead.[39m[22m
<w> [1m[33m[39m[22m
<w> [1m[33mMore info and automated migrator: https://sass-lang.com/d/import[39m[22m
<w> [1m[33m[39m[22m
<w> [1m[33msrc\assets\scss\helper\_media-queries.scss 2:7              media-max()[39m[22m
<w> [1m[33msrc\assets\scss\components\header\_header-public.scss 53:1  @import[39m[22m
<w> [1m[33msrc\assets\scss\main.scss 16:9                              root stylesheet[39m[22m
<w> [1m[33m[39m[22m
<w> [1m[33mDeprecation Global built-in functions are deprecated and will be removed in Dart Sass 3.0.0.[39m[22m
<w> [1m[33mUse map.get instead.[39m[22m
<w> [1m[33m[39m[22m
<w> [1m[33mMore info and automated migrator: https://sass-lang.com/d/import[39m[22m
<w> [1m[33m[39m[22m
<w> [1m[33msrc\assets\scss\helper\_media-queries.scss 4:24             media-max()[39m[22m
<w> [1m[33msrc\assets\scss\components\header\_header-public.scss 53:1  @import[39m[22m
<w> [1m[33msrc\assets\scss\main.scss 16:9                              root stylesheet[39m[22m
<w> [1m[33m[39m[22m
<w> [1m[33mDeprecation Global built-in functions are deprecated and will be removed in Dart Sass 3.0.0.[39m[22m
<w> [1m[33mUse map.has-key instead.[39m[22m
<w> [1m[33m[39m[22m
<w> [1m[33mMore info and automated migrator: https://sass-lang.com/d/import[39m[22m
<w> [1m[33m[39m[22m
<w> [1m[33msrc\assets\scss\helper\_media-queries.scss 17:7  media-min()[39m[22m
<w> [1m[33msrc\assets\scss\views\guest\_guest.scss 1407:9   @import[39m[22m
<w> [1m[33msrc\assets\scss\main.scss 23:9                   root stylesheet[39m[22m
<w> [1m[33m[39m[22m
<w> [1m[33mDeprecation Global built-in functions are deprecated and will be removed in Dart Sass 3.0.0.[39m[22m
<w> [1m[33mUse map.get instead.[39m[22m
<w> [1m[33m[39m[22m
<w> [1m[33mMore info and automated migrator: https://sass-lang.com/d/import[39m[22m
<w> [1m[33m[39m[22m
<w> [1m[33msrc\assets\scss\helper\_media-queries.scss 19:24  media-min()[39m[22m
<w> [1m[33msrc\assets\scss\views\guest\_guest.scss 1407:9    @import[39m[22m
<w> [1m[33msrc\assets\scss\main.scss 23:9                    root stylesheet[39m[22m
<w> [1m[33m[39m[22m
<w> [1m[33m21 repetitive deprecation warnings omitted.[39m[22m
<w> [1m[33m[39m[22m
<w> [1m[33mnull[39m[22m

webpack compiled [1m[32msuccessfully[39m[22m
Compiling...
Compiled successfully!
[1mLOG from ./node_modules/sass-loader/dist/cjs.js sass-loader ./node_modules/css-loader/dist/cjs.js??ruleSet[1].rules[1].oneOf[7].use[1]!./node_modules/postcss-loader/dist/cjs.js??ruleSet[1].rules[1].oneOf[7].use[2]!./node_modules/resolve-url-loader/index.js??ruleSet[1].rules[1].oneOf[7].use[3]!./node_modules/sass-loader/dist/cjs.js??ruleSet[1].rules[1].oneOf[7].use[4]!./src/assets/scss/main.scss[39m[22m
<w> [1m[33mDeprecation The legacy JS API is deprecated and will be removed in Dart Sass 2.0.0.[39m[22m
<w> [1m[33m[39m[22m
<w> [1m[33mMore info: https://sass-lang.com/d/legacy-js-api[39m[22m
<w> [1m[33m[39m[22m
<w> [1m[33mnull[39m[22m
<w> [1m[33mDeprecation Sass @import rules are deprecated and will be removed in Dart Sass 3.0.0.[39m[22m
<w> [1m[33m[39m[22m
<w> [1m[33mMore info and automated migrator: https://sass-lang.com/d/import[39m[22m
<w> [1m[33m[39m[22m
<w> [1m[33msrc\assets\scss\main.scss 2:9  root stylesheet[39m[22m
<w> [1m[33m[39m[22m
<w> [1m[33mDeprecation Sass @import rules are deprecated and will be removed in Dart Sass 3.0.0.[39m[22m
<w> [1m[33m[39m[22m
<w> [1m[33mMore info and automated migrator: https://sass-lang.com/d/import[39m[22m
<w> [1m[33m[39m[22m
<w> [1m[33msrc\assets\scss\main.scss 3:9  root stylesheet[39m[22m
<w> [1m[33m[39m[22m
<w> [1m[33mDeprecation Sass @import rules are deprecated and will be removed in Dart Sass 3.0.0.[39m[22m
<w> [1m[33m[39m[22m
<w> [1m[33mMore info and automated migrator: https://sass-lang.com/d/import[39m[22m
<w> [1m[33m[39m[22m
<w> [1m[33msrc\assets\scss\main.scss 4:9  root stylesheet[39m[22m
<w> [1m[33m[39m[22m
<w> [1m[33mDeprecation Sass @import rules are deprecated and will be removed in Dart Sass 3.0.0.[39m[22m
<w> [1m[33m[39m[22m
<w> [1m[33mMore info and automated migrator: https://sass-lang.com/d/import[39m[22m
<w> [1m[33m[39m[22m
<w> [1m[33msrc\assets\scss\main.scss 7:9  root stylesheet[39m[22m
<w> [1m[33m[39m[22m
<w> [1m[33mDeprecation Sass @import rules are deprecated and will be removed in Dart Sass 3.0.0.[39m[22m
<w> [1m[33m[39m[22m
<w> [1m[33mMore info and automated migrator: https://sass-lang.com/d/import[39m[22m
<w> [1m[33m[39m[22m
<w> [1m[33msrc\assets\scss\main.scss 8:9  root stylesheet[39m[22m
<w> [1m[33m[39m[22m
<w> [1m[33mDeprecation Global built-in functions are deprecated and will be removed in Dart Sass 3.0.0.[39m[22m
<w> [1m[33mUse map.has-key instead.[39m[22m
<w> [1m[33m[39m[22m
<w> [1m[33mMore info and automated migrator: https://sass-lang.com/d/import[39m[22m
<w> [1m[33m[39m[22m
<w> [1m[33msrc\assets\scss\helper\_media-queries.scss 2:7              media-max()[39m[22m
<w> [1m[33msrc\assets\scss\components\header\_header-public.scss 53:1  @import[39m[22m
<w> [1m[33msrc\assets\scss\main.scss 16:9                              root stylesheet[39m[22m
<w> [1m[33m[39m[22m
<w> [1m[33mDeprecation Global built-in functions are deprecated and will be removed in Dart Sass 3.0.0.[39m[22m
<w> [1m[33mUse map.get instead.[39m[22m
<w> [1m[33m[39m[22m
<w> [1m[33mMore info and automated migrator: https://sass-lang.com/d/import[39m[22m
<w> [1m[33m[39m[22m
<w> [1m[33msrc\assets\scss\helper\_media-queries.scss 4:24             media-max()[39m[22m
<w> [1m[33msrc\assets\scss\components\header\_header-public.scss 53:1  @import[39m[22m
<w> [1m[33msrc\assets\scss\main.scss 16:9                              root stylesheet[39m[22m
<w> [1m[33m[39m[22m
<w> [1m[33mDeprecation Global built-in functions are deprecated and will be removed in Dart Sass 3.0.0.[39m[22m
<w> [1m[33mUse map.has-key instead.[39m[22m
<w> [1m[33m[39m[22m
<w> [1m[33mMore info and automated migrator: https://sass-lang.com/d/import[39m[22m
<w> [1m[33m[39m[22m
<w> [1m[33msrc\assets\scss\helper\_media-queries.scss 17:7  media-min()[39m[22m
<w> [1m[33msrc\assets\scss\views\guest\_guest.scss 1407:9   @import[39m[22m
<w> [1m[33msrc\assets\scss\main.scss 23:9                   root stylesheet[39m[22m
<w> [1m[33m[39m[22m
<w> [1m[33mDeprecation Global built-in functions are deprecated and will be removed in Dart Sass 3.0.0.[39m[22m
<w> [1m[33mUse map.get instead.[39m[22m
<w> [1m[33m[39m[22m
<w> [1m[33mMore info and automated migrator: https://sass-lang.com/d/import[39m[22m
<w> [1m[33m[39m[22m
<w> [1m[33msrc\assets\scss\helper\_media-queries.scss 19:24  media-min()[39m[22m
<w> [1m[33msrc\assets\scss\views\guest\_guest.scss 1407:9    @import[39m[22m
<w> [1m[33msrc\assets\scss\main.scss 23:9                    root stylesheet[39m[22m
<w> [1m[33m[39m[22m
<w> [1m[33m21 repetitive deprecation warnings omitted.[39m[22m
<w> [1m[33m[39m[22m
<w> [1m[33mnull[39m[22m

webpack compiled [1m[32msuccessfully[39m[22m
Compiling...
Compiled successfully!
[1mLOG from ./node_modules/sass-loader/dist/cjs.js sass-loader ./node_modules/css-loader/dist/cjs.js??ruleSet[1].rules[1].oneOf[7].use[1]!./node_modules/postcss-loader/dist/cjs.js??ruleSet[1].rules[1].oneOf[7].use[2]!./node_modules/resolve-url-loader/index.js??ruleSet[1].rules[1].oneOf[7].use[3]!./node_modules/sass-loader/dist/cjs.js??ruleSet[1].rules[1].oneOf[7].use[4]!./src/assets/scss/main.scss[39m[22m
<w> [1m[33mDeprecation The legacy JS API is deprecated and will be removed in Dart Sass 2.0.0.[39m[22m
<w> [1m[33m[39m[22m
<w> [1m[33mMore info: https://sass-lang.com/d/legacy-js-api[39m[22m
<w> [1m[33m[39m[22m
<w> [1m[33mnull[39m[22m
<w> [1m[33mDeprecation Sass @import rules are deprecated and will be removed in Dart Sass 3.0.0.[39m[22m
<w> [1m[33m[39m[22m
<w> [1m[33mMore info and automated migrator: https://sass-lang.com/d/import[39m[22m
<w> [1m[33m[39m[22m
<w> [1m[33msrc\assets\scss\main.scss 2:9  root stylesheet[39m[22m
<w> [1m[33m[39m[22m
<w> [1m[33mDeprecation Sass @import rules are deprecated and will be removed in Dart Sass 3.0.0.[39m[22m
<w> [1m[33m[39m[22m
<w> [1m[33mMore info and automated migrator: https://sass-lang.com/d/import[39m[22m
<w> [1m[33m[39m[22m
<w> [1m[33msrc\assets\scss\main.scss 3:9  root stylesheet[39m[22m
<w> [1m[33m[39m[22m
<w> [1m[33mDeprecation Sass @import rules are deprecated and will be removed in Dart Sass 3.0.0.[39m[22m
<w> [1m[33m[39m[22m
<w> [1m[33mMore info and automated migrator: https://sass-lang.com/d/import[39m[22m
<w> [1m[33m[39m[22m
<w> [1m[33msrc\assets\scss\main.scss 4:9  root stylesheet[39m[22m
<w> [1m[33m[39m[22m
<w> [1m[33mDeprecation Sass @import rules are deprecated and will be removed in Dart Sass 3.0.0.[39m[22m
<w> [1m[33m[39m[22m
<w> [1m[33mMore info and automated migrator: https://sass-lang.com/d/import[39m[22m
<w> [1m[33m[39m[22m
<w> [1m[33msrc\assets\scss\main.scss 7:9  root stylesheet[39m[22m
<w> [1m[33m[39m[22m
<w> [1m[33mDeprecation Sass @import rules are deprecated and will be removed in Dart Sass 3.0.0.[39m[22m
<w> [1m[33m[39m[22m
<w> [1m[33mMore info and automated migrator: https://sass-lang.com/d/import[39m[22m
<w> [1m[33m[39m[22m
<w> [1m[33msrc\assets\scss\main.scss 8:9  root stylesheet[39m[22m
<w> [1m[33m[39m[22m
<w> [1m[33mDeprecation Global built-in functions are deprecated and will be removed in Dart Sass 3.0.0.[39m[22m
<w> [1m[33mUse map.has-key instead.[39m[22m
<w> [1m[33m[39m[22m
<w> [1m[33mMore info and automated migrator: https://sass-lang.com/d/import[39m[22m
<w> [1m[33m[39m[22m
<w> [1m[33msrc\assets\scss\helper\_media-queries.scss 2:7              media-max()[39m[22m
<w> [1m[33msrc\assets\scss\components\header\_header-public.scss 53:1  @import[39m[22m
<w> [1m[33msrc\assets\scss\main.scss 16:9                              root stylesheet[39m[22m
<w> [1m[33m[39m[22m
<w> [1m[33mDeprecation Global built-in functions are deprecated and will be removed in Dart Sass 3.0.0.[39m[22m
<w> [1m[33mUse map.get instead.[39m[22m
<w> [1m[33m[39m[22m
<w> [1m[33mMore info and automated migrator: https://sass-lang.com/d/import[39m[22m
<w> [1m[33m[39m[22m
<w> [1m[33msrc\assets\scss\helper\_media-queries.scss 4:24             media-max()[39m[22m
<w> [1m[33msrc\assets\scss\components\header\_header-public.scss 53:1  @import[39m[22m
<w> [1m[33msrc\assets\scss\main.scss 16:9                              root stylesheet[39m[22m
<w> [1m[33m[39m[22m
<w> [1m[33mDeprecation Global built-in functions are deprecated and will be removed in Dart Sass 3.0.0.[39m[22m
<w> [1m[33mUse map.has-key instead.[39m[22m
<w> [1m[33m[39m[22m
<w> [1m[33mMore info and automated migrator: https://sass-lang.com/d/import[39m[22m
<w> [1m[33m[39m[22m
<w> [1m[33msrc\assets\scss\helper\_media-queries.scss 17:7  media-min()[39m[22m
<w> [1m[33msrc\assets\scss\views\guest\_guest.scss 1407:9   @import[39m[22m
<w> [1m[33msrc\assets\scss\main.scss 23:9                   root stylesheet[39m[22m
<w> [1m[33m[39m[22m
<w> [1m[33mDeprecation Global built-in functions are deprecated and will be removed in Dart Sass 3.0.0.[39m[22m
<w> [1m[33mUse map.get instead.[39m[22m
<w> [1m[33m[39m[22m
<w> [1m[33mMore info and automated migrator: https://sass-lang.com/d/import[39m[22m
<w> [1m[33m[39m[22m
<w> [1m[33msrc\assets\scss\helper\_media-queries.scss 19:24  media-min()[39m[22m
<w> [1m[33msrc\assets\scss\views\guest\_guest.scss 1407:9    @import[39m[22m
<w> [1m[33msrc\assets\scss\main.scss 23:9                    root stylesheet[39m[22m
<w> [1m[33m[39m[22m
<w> [1m[33m21 repetitive deprecation warnings omitted.[39m[22m
<w> [1m[33m[39m[22m
<w> [1m[33mnull[39m[22m

webpack compiled [1m[32msuccessfully[39m[22m
Compiling...
Compiled successfully!
[1mLOG from ./node_modules/sass-loader/dist/cjs.js sass-loader ./node_modules/css-loader/dist/cjs.js??ruleSet[1].rules[1].oneOf[7].use[1]!./node_modules/postcss-loader/dist/cjs.js??ruleSet[1].rules[1].oneOf[7].use[2]!./node_modules/resolve-url-loader/index.js??ruleSet[1].rules[1].oneOf[7].use[3]!./node_modules/sass-loader/dist/cjs.js??ruleSet[1].rules[1].oneOf[7].use[4]!./src/assets/scss/main.scss[39m[22m
<w> [1m[33mDeprecation The legacy JS API is deprecated and will be removed in Dart Sass 2.0.0.[39m[22m
<w> [1m[33m[39m[22m
<w> [1m[33mMore info: https://sass-lang.com/d/legacy-js-api[39m[22m
<w> [1m[33m[39m[22m
<w> [1m[33mnull[39m[22m
<w> [1m[33mDeprecation Sass @import rules are deprecated and will be removed in Dart Sass 3.0.0.[39m[22m
<w> [1m[33m[39m[22m
<w> [1m[33mMore info and automated migrator: https://sass-lang.com/d/import[39m[22m
<w> [1m[33m[39m[22m
<w> [1m[33msrc\assets\scss\main.scss 2:9  root stylesheet[39m[22m
<w> [1m[33m[39m[22m
<w> [1m[33mDeprecation Sass @import rules are deprecated and will be removed in Dart Sass 3.0.0.[39m[22m
<w> [1m[33m[39m[22m
<w> [1m[33mMore info and automated migrator: https://sass-lang.com/d/import[39m[22m
<w> [1m[33m[39m[22m
<w> [1m[33msrc\assets\scss\main.scss 3:9  root stylesheet[39m[22m
<w> [1m[33m[39m[22m
<w> [1m[33mDeprecation Sass @import rules are deprecated and will be removed in Dart Sass 3.0.0.[39m[22m
<w> [1m[33m[39m[22m
<w> [1m[33mMore info and automated migrator: https://sass-lang.com/d/import[39m[22m
<w> [1m[33m[39m[22m
<w> [1m[33msrc\assets\scss\main.scss 4:9  root stylesheet[39m[22m
<w> [1m[33m[39m[22m
<w> [1m[33mDeprecation Sass @import rules are deprecated and will be removed in Dart Sass 3.0.0.[39m[22m
<w> [1m[33m[39m[22m
<w> [1m[33mMore info and automated migrator: https://sass-lang.com/d/import[39m[22m
<w> [1m[33m[39m[22m
<w> [1m[33msrc\assets\scss\main.scss 7:9  root stylesheet[39m[22m
<w> [1m[33m[39m[22m
<w> [1m[33mDeprecation Sass @import rules are deprecated and will be removed in Dart Sass 3.0.0.[39m[22m
<w> [1m[33m[39m[22m
<w> [1m[33mMore info and automated migrator: https://sass-lang.com/d/import[39m[22m
<w> [1m[33m[39m[22m
<w> [1m[33msrc\assets\scss\main.scss 8:9  root stylesheet[39m[22m
<w> [1m[33m[39m[22m
<w> [1m[33mDeprecation Global built-in functions are deprecated and will be removed in Dart Sass 3.0.0.[39m[22m
<w> [1m[33mUse map.has-key instead.[39m[22m
<w> [1m[33m[39m[22m
<w> [1m[33mMore info and automated migrator: https://sass-lang.com/d/import[39m[22m
<w> [1m[33m[39m[22m
<w> [1m[33msrc\assets\scss\helper\_media-queries.scss 2:7              media-max()[39m[22m
<w> [1m[33msrc\assets\scss\components\header\_header-public.scss 53:1  @import[39m[22m
<w> [1m[33msrc\assets\scss\main.scss 16:9                              root stylesheet[39m[22m
<w> [1m[33m[39m[22m
<w> [1m[33mDeprecation Global built-in functions are deprecated and will be removed in Dart Sass 3.0.0.[39m[22m
<w> [1m[33mUse map.get instead.[39m[22m
<w> [1m[33m[39m[22m
<w> [1m[33mMore info and automated migrator: https://sass-lang.com/d/import[39m[22m
<w> [1m[33m[39m[22m
<w> [1m[33msrc\assets\scss\helper\_media-queries.scss 4:24             media-max()[39m[22m
<w> [1m[33msrc\assets\scss\components\header\_header-public.scss 53:1  @import[39m[22m
<w> [1m[33msrc\assets\scss\main.scss 16:9                              root stylesheet[39m[22m
<w> [1m[33m[39m[22m
<w> [1m[33mDeprecation Global built-in functions are deprecated and will be removed in Dart Sass 3.0.0.[39m[22m
<w> [1m[33mUse map.has-key instead.[39m[22m
<w> [1m[33m[39m[22m
<w> [1m[33mMore info and automated migrator: https://sass-lang.com/d/import[39m[22m
<w> [1m[33m[39m[22m
<w> [1m[33msrc\assets\scss\helper\_media-queries.scss 17:7  media-min()[39m[22m
<w> [1m[33msrc\assets\scss\views\guest\_guest.scss 1407:9   @import[39m[22m
<w> [1m[33msrc\assets\scss\main.scss 23:9                   root stylesheet[39m[22m
<w> [1m[33m[39m[22m
<w> [1m[33mDeprecation Global built-in functions are deprecated and will be removed in Dart Sass 3.0.0.[39m[22m
<w> [1m[33mUse map.get instead.[39m[22m
<w> [1m[33m[39m[22m
<w> [1m[33mMore info and automated migrator: https://sass-lang.com/d/import[39m[22m
<w> [1m[33m[39m[22m
<w> [1m[33msrc\assets\scss\helper\_media-queries.scss 19:24  media-min()[39m[22m
<w> [1m[33msrc\assets\scss\views\guest\_guest.scss 1407:9    @import[39m[22m
<w> [1m[33msrc\assets\scss\main.scss 23:9                    root stylesheet[39m[22m
<w> [1m[33m[39m[22m
<w> [1m[33m21 repetitive deprecation warnings omitted.[39m[22m
<w> [1m[33m[39m[22m
<w> [1m[33mnull[39m[22m

webpack compiled [1m[32msuccessfully[39m[22m
Compiling...
Compiled successfully!
[1mLOG from ./node_modules/sass-loader/dist/cjs.js sass-loader ./node_modules/css-loader/dist/cjs.js??ruleSet[1].rules[1].oneOf[7].use[1]!./node_modules/postcss-loader/dist/cjs.js??ruleSet[1].rules[1].oneOf[7].use[2]!./node_modules/resolve-url-loader/index.js??ruleSet[1].rules[1].oneOf[7].use[3]!./node_modules/sass-loader/dist/cjs.js??ruleSet[1].rules[1].oneOf[7].use[4]!./src/assets/scss/main.scss[39m[22m
<w> [1m[33mDeprecation The legacy JS API is deprecated and will be removed in Dart Sass 2.0.0.[39m[22m
<w> [1m[33m[39m[22m
<w> [1m[33mMore info: https://sass-lang.com/d/legacy-js-api[39m[22m
<w> [1m[33m[39m[22m
<w> [1m[33mnull[39m[22m
<w> [1m[33mDeprecation Sass @import rules are deprecated and will be removed in Dart Sass 3.0.0.[39m[22m
<w> [1m[33m[39m[22m
<w> [1m[33mMore info and automated migrator: https://sass-lang.com/d/import[39m[22m
<w> [1m[33m[39m[22m
<w> [1m[33msrc\assets\scss\main.scss 2:9  root stylesheet[39m[22m
<w> [1m[33m[39m[22m
<w> [1m[33mDeprecation Sass @import rules are deprecated and will be removed in Dart Sass 3.0.0.[39m[22m
<w> [1m[33m[39m[22m
<w> [1m[33mMore info and automated migrator: https://sass-lang.com/d/import[39m[22m
<w> [1m[33m[39m[22m
<w> [1m[33msrc\assets\scss\main.scss 3:9  root stylesheet[39m[22m
<w> [1m[33m[39m[22m
<w> [1m[33mDeprecation Sass @import rules are deprecated and will be removed in Dart Sass 3.0.0.[39m[22m
<w> [1m[33m[39m[22m
<w> [1m[33mMore info and automated migrator: https://sass-lang.com/d/import[39m[22m
<w> [1m[33m[39m[22m
<w> [1m[33msrc\assets\scss\main.scss 4:9  root stylesheet[39m[22m
<w> [1m[33m[39m[22m
<w> [1m[33mDeprecation Sass @import rules are deprecated and will be removed in Dart Sass 3.0.0.[39m[22m
<w> [1m[33m[39m[22m
<w> [1m[33mMore info and automated migrator: https://sass-lang.com/d/import[39m[22m
<w> [1m[33m[39m[22m
<w> [1m[33msrc\assets\scss\main.scss 7:9  root stylesheet[39m[22m
<w> [1m[33m[39m[22m
<w> [1m[33mDeprecation Sass @import rules are deprecated and will be removed in Dart Sass 3.0.0.[39m[22m
<w> [1m[33m[39m[22m
<w> [1m[33mMore info and automated migrator: https://sass-lang.com/d/import[39m[22m
<w> [1m[33m[39m[22m
<w> [1m[33msrc\assets\scss\main.scss 8:9  root stylesheet[39m[22m
<w> [1m[33m[39m[22m
<w> [1m[33mDeprecation Global built-in functions are deprecated and will be removed in Dart Sass 3.0.0.[39m[22m
<w> [1m[33mUse map.has-key instead.[39m[22m
<w> [1m[33m[39m[22m
<w> [1m[33mMore info and automated migrator: https://sass-lang.com/d/import[39m[22m
<w> [1m[33m[39m[22m
<w> [1m[33msrc\assets\scss\helper\_media-queries.scss 2:7              media-max()[39m[22m
<w> [1m[33msrc\assets\scss\components\header\_header-public.scss 53:1  @import[39m[22m
<w> [1m[33msrc\assets\scss\main.scss 16:9                              root stylesheet[39m[22m
<w> [1m[33m[39m[22m
<w> [1m[33mDeprecation Global built-in functions are deprecated and will be removed in Dart Sass 3.0.0.[39m[22m
<w> [1m[33mUse map.get instead.[39m[22m
<w> [1m[33m[39m[22m
<w> [1m[33mMore info and automated migrator: https://sass-lang.com/d/import[39m[22m
<w> [1m[33m[39m[22m
<w> [1m[33msrc\assets\scss\helper\_media-queries.scss 4:24             media-max()[39m[22m
<w> [1m[33msrc\assets\scss\components\header\_header-public.scss 53:1  @import[39m[22m
<w> [1m[33msrc\assets\scss\main.scss 16:9                              root stylesheet[39m[22m
<w> [1m[33m[39m[22m
<w> [1m[33mDeprecation Global built-in functions are deprecated and will be removed in Dart Sass 3.0.0.[39m[22m
<w> [1m[33mUse map.has-key instead.[39m[22m
<w> [1m[33m[39m[22m
<w> [1m[33mMore info and automated migrator: https://sass-lang.com/d/import[39m[22m
<w> [1m[33m[39m[22m
<w> [1m[33msrc\assets\scss\helper\_media-queries.scss 17:7  media-min()[39m[22m
<w> [1m[33msrc\assets\scss\views\guest\_guest.scss 1407:9   @import[39m[22m
<w> [1m[33msrc\assets\scss\main.scss 23:9                   root stylesheet[39m[22m
<w> [1m[33m[39m[22m
<w> [1m[33mDeprecation Global built-in functions are deprecated and will be removed in Dart Sass 3.0.0.[39m[22m
<w> [1m[33mUse map.get instead.[39m[22m
<w> [1m[33m[39m[22m
<w> [1m[33mMore info and automated migrator: https://sass-lang.com/d/import[39m[22m
<w> [1m[33m[39m[22m
<w> [1m[33msrc\assets\scss\helper\_media-queries.scss 19:24  media-min()[39m[22m
<w> [1m[33msrc\assets\scss\views\guest\_guest.scss 1407:9    @import[39m[22m
<w> [1m[33msrc\assets\scss\main.scss 23:9                    root stylesheet[39m[22m
<w> [1m[33m[39m[22m
<w> [1m[33m21 repetitive deprecation warnings omitted.[39m[22m
<w> [1m[33m[39m[22m
<w> [1m[33mnull[39m[22m

webpack compiled [1m[32msuccessfully[39m[22m
Compiling...
Compiled successfully!
[1mLOG from ./node_modules/sass-loader/dist/cjs.js sass-loader ./node_modules/css-loader/dist/cjs.js??ruleSet[1].rules[1].oneOf[7].use[1]!./node_modules/postcss-loader/dist/cjs.js??ruleSet[1].rules[1].oneOf[7].use[2]!./node_modules/resolve-url-loader/index.js??ruleSet[1].rules[1].oneOf[7].use[3]!./node_modules/sass-loader/dist/cjs.js??ruleSet[1].rules[1].oneOf[7].use[4]!./src/assets/scss/main.scss[39m[22m
<w> [1m[33mDeprecation The legacy JS API is deprecated and will be removed in Dart Sass 2.0.0.[39m[22m
<w> [1m[33m[39m[22m
<w> [1m[33mMore info: https://sass-lang.com/d/legacy-js-api[39m[22m
<w> [1m[33m[39m[22m
<w> [1m[33mnull[39m[22m
<w> [1m[33mDeprecation Sass @import rules are deprecated and will be removed in Dart Sass 3.0.0.[39m[22m
<w> [1m[33m[39m[22m
<w> [1m[33mMore info and automated migrator: https://sass-lang.com/d/import[39m[22m
<w> [1m[33m[39m[22m
<w> [1m[33msrc\assets\scss\main.scss 2:9  root stylesheet[39m[22m
<w> [1m[33m[39m[22m
<w> [1m[33mDeprecation Sass @import rules are deprecated and will be removed in Dart Sass 3.0.0.[39m[22m
<w> [1m[33m[39m[22m
<w> [1m[33mMore info and automated migrator: https://sass-lang.com/d/import[39m[22m
<w> [1m[33m[39m[22m
<w> [1m[33msrc\assets\scss\main.scss 3:9  root stylesheet[39m[22m
<w> [1m[33m[39m[22m
<w> [1m[33mDeprecation Sass @import rules are deprecated and will be removed in Dart Sass 3.0.0.[39m[22m
<w> [1m[33m[39m[22m
<w> [1m[33mMore info and automated migrator: https://sass-lang.com/d/import[39m[22m
<w> [1m[33m[39m[22m
<w> [1m[33msrc\assets\scss\main.scss 4:9  root stylesheet[39m[22m
<w> [1m[33m[39m[22m
<w> [1m[33mDeprecation Sass @import rules are deprecated and will be removed in Dart Sass 3.0.0.[39m[22m
<w> [1m[33m[39m[22m
<w> [1m[33mMore info and automated migrator: https://sass-lang.com/d/import[39m[22m
<w> [1m[33m[39m[22m
<w> [1m[33msrc\assets\scss\main.scss 7:9  root stylesheet[39m[22m
<w> [1m[33m[39m[22m
<w> [1m[33mDeprecation Sass @import rules are deprecated and will be removed in Dart Sass 3.0.0.[39m[22m
<w> [1m[33m[39m[22m
<w> [1m[33mMore info and automated migrator: https://sass-lang.com/d/import[39m[22m
<w> [1m[33m[39m[22m
<w> [1m[33msrc\assets\scss\main.scss 8:9  root stylesheet[39m[22m
<w> [1m[33m[39m[22m
<w> [1m[33mDeprecation Global built-in functions are deprecated and will be removed in Dart Sass 3.0.0.[39m[22m
<w> [1m[33mUse map.has-key instead.[39m[22m
<w> [1m[33m[39m[22m
<w> [1m[33mMore info and automated migrator: https://sass-lang.com/d/import[39m[22m
<w> [1m[33m[39m[22m
<w> [1m[33msrc\assets\scss\helper\_media-queries.scss 2:7              media-max()[39m[22m
<w> [1m[33msrc\assets\scss\components\header\_header-public.scss 53:1  @import[39m[22m
<w> [1m[33msrc\assets\scss\main.scss 16:9                              root stylesheet[39m[22m
<w> [1m[33m[39m[22m
<w> [1m[33mDeprecation Global built-in functions are deprecated and will be removed in Dart Sass 3.0.0.[39m[22m
<w> [1m[33mUse map.get instead.[39m[22m
<w> [1m[33m[39m[22m
<w> [1m[33mMore info and automated migrator: https://sass-lang.com/d/import[39m[22m
<w> [1m[33m[39m[22m
<w> [1m[33msrc\assets\scss\helper\_media-queries.scss 4:24             media-max()[39m[22m
<w> [1m[33msrc\assets\scss\components\header\_header-public.scss 53:1  @import[39m[22m
<w> [1m[33msrc\assets\scss\main.scss 16:9                              root stylesheet[39m[22m
<w> [1m[33m[39m[22m
<w> [1m[33mDeprecation Global built-in functions are deprecated and will be removed in Dart Sass 3.0.0.[39m[22m
<w> [1m[33mUse map.has-key instead.[39m[22m
<w> [1m[33m[39m[22m
<w> [1m[33mMore info and automated migrator: https://sass-lang.com/d/import[39m[22m
<w> [1m[33m[39m[22m
<w> [1m[33msrc\assets\scss\helper\_media-queries.scss 17:7  media-min()[39m[22m
<w> [1m[33msrc\assets\scss\views\guest\_guest.scss 1407:9   @import[39m[22m
<w> [1m[33msrc\assets\scss\main.scss 23:9                   root stylesheet[39m[22m
<w> [1m[33m[39m[22m
<w> [1m[33mDeprecation Global built-in functions are deprecated and will be removed in Dart Sass 3.0.0.[39m[22m
<w> [1m[33mUse map.get instead.[39m[22m
<w> [1m[33m[39m[22m
<w> [1m[33mMore info and automated migrator: https://sass-lang.com/d/import[39m[22m
<w> [1m[33m[39m[22m
<w> [1m[33msrc\assets\scss\helper\_media-queries.scss 19:24  media-min()[39m[22m
<w> [1m[33msrc\assets\scss\views\guest\_guest.scss 1407:9    @import[39m[22m
<w> [1m[33msrc\assets\scss\main.scss 23:9                    root stylesheet[39m[22m
<w> [1m[33m[39m[22m
<w> [1m[33m21 repetitive deprecation warnings omitted.[39m[22m
<w> [1m[33m[39m[22m
<w> [1m[33mnull[39m[22m

webpack compiled [1m[32msuccessfully[39m[22m
Compiling...
Compiled successfully!
[1mLOG from ./node_modules/sass-loader/dist/cjs.js sass-loader ./node_modules/css-loader/dist/cjs.js??ruleSet[1].rules[1].oneOf[7].use[1]!./node_modules/postcss-loader/dist/cjs.js??ruleSet[1].rules[1].oneOf[7].use[2]!./node_modules/resolve-url-loader/index.js??ruleSet[1].rules[1].oneOf[7].use[3]!./node_modules/sass-loader/dist/cjs.js??ruleSet[1].rules[1].oneOf[7].use[4]!./src/assets/scss/main.scss[39m[22m
<w> [1m[33mDeprecation The legacy JS API is deprecated and will be removed in Dart Sass 2.0.0.[39m[22m
<w> [1m[33m[39m[22m
<w> [1m[33mMore info: https://sass-lang.com/d/legacy-js-api[39m[22m
<w> [1m[33m[39m[22m
<w> [1m[33mnull[39m[22m
<w> [1m[33mDeprecation Sass @import rules are deprecated and will be removed in Dart Sass 3.0.0.[39m[22m
<w> [1m[33m[39m[22m
<w> [1m[33mMore info and automated migrator: https://sass-lang.com/d/import[39m[22m
<w> [1m[33m[39m[22m
<w> [1m[33msrc\assets\scss\main.scss 2:9  root stylesheet[39m[22m
<w> [1m[33m[39m[22m
<w> [1m[33mDeprecation Sass @import rules are deprecated and will be removed in Dart Sass 3.0.0.[39m[22m
<w> [1m[33m[39m[22m
<w> [1m[33mMore info and automated migrator: https://sass-lang.com/d/import[39m[22m
<w> [1m[33m[39m[22m
<w> [1m[33msrc\assets\scss\main.scss 3:9  root stylesheet[39m[22m
<w> [1m[33m[39m[22m
<w> [1m[33mDeprecation Sass @import rules are deprecated and will be removed in Dart Sass 3.0.0.[39m[22m
<w> [1m[33m[39m[22m
<w> [1m[33mMore info and automated migrator: https://sass-lang.com/d/import[39m[22m
<w> [1m[33m[39m[22m
<w> [1m[33msrc\assets\scss\main.scss 4:9  root stylesheet[39m[22m
<w> [1m[33m[39m[22m
<w> [1m[33mDeprecation Sass @import rules are deprecated and will be removed in Dart Sass 3.0.0.[39m[22m
<w> [1m[33m[39m[22m
<w> [1m[33mMore info and automated migrator: https://sass-lang.com/d/import[39m[22m
<w> [1m[33m[39m[22m
<w> [1m[33msrc\assets\scss\main.scss 7:9  root stylesheet[39m[22m
<w> [1m[33m[39m[22m
<w> [1m[33mDeprecation Sass @import rules are deprecated and will be removed in Dart Sass 3.0.0.[39m[22m
<w> [1m[33m[39m[22m
<w> [1m[33mMore info and automated migrator: https://sass-lang.com/d/import[39m[22m
<w> [1m[33m[39m[22m
<w> [1m[33msrc\assets\scss\main.scss 8:9  root stylesheet[39m[22m
<w> [1m[33m[39m[22m
<w> [1m[33mDeprecation Global built-in functions are deprecated and will be removed in Dart Sass 3.0.0.[39m[22m
<w> [1m[33mUse map.has-key instead.[39m[22m
<w> [1m[33m[39m[22m
<w> [1m[33mMore info and automated migrator: https://sass-lang.com/d/import[39m[22m
<w> [1m[33m[39m[22m
<w> [1m[33msrc\assets\scss\helper\_media-queries.scss 2:7              media-max()[39m[22m
<w> [1m[33msrc\assets\scss\components\header\_header-public.scss 53:1  @import[39m[22m
<w> [1m[33msrc\assets\scss\main.scss 16:9                              root stylesheet[39m[22m
<w> [1m[33m[39m[22m
<w> [1m[33mDeprecation Global built-in functions are deprecated and will be removed in Dart Sass 3.0.0.[39m[22m
<w> [1m[33mUse map.get instead.[39m[22m
<w> [1m[33m[39m[22m
<w> [1m[33mMore info and automated migrator: https://sass-lang.com/d/import[39m[22m
<w> [1m[33m[39m[22m
<w> [1m[33msrc\assets\scss\helper\_media-queries.scss 4:24             media-max()[39m[22m
<w> [1m[33msrc\assets\scss\components\header\_header-public.scss 53:1  @import[39m[22m
<w> [1m[33msrc\assets\scss\main.scss 16:9                              root stylesheet[39m[22m
<w> [1m[33m[39m[22m
<w> [1m[33mDeprecation Global built-in functions are deprecated and will be removed in Dart Sass 3.0.0.[39m[22m
<w> [1m[33mUse map.has-key instead.[39m[22m
<w> [1m[33m[39m[22m
<w> [1m[33mMore info and automated migrator: https://sass-lang.com/d/import[39m[22m
<w> [1m[33m[39m[22m
<w> [1m[33msrc\assets\scss\helper\_media-queries.scss 17:7  media-min()[39m[22m
<w> [1m[33msrc\assets\scss\views\guest\_guest.scss 1407:9   @import[39m[22m
<w> [1m[33msrc\assets\scss\main.scss 23:9                   root stylesheet[39m[22m
<w> [1m[33m[39m[22m
<w> [1m[33mDeprecation Global built-in functions are deprecated and will be removed in Dart Sass 3.0.0.[39m[22m
<w> [1m[33mUse map.get instead.[39m[22m
<w> [1m[33m[39m[22m
<w> [1m[33mMore info and automated migrator: https://sass-lang.com/d/import[39m[22m
<w> [1m[33m[39m[22m
<w> [1m[33msrc\assets\scss\helper\_media-queries.scss 19:24  media-min()[39m[22m
<w> [1m[33msrc\assets\scss\views\guest\_guest.scss 1407:9    @import[39m[22m
<w> [1m[33msrc\assets\scss\main.scss 23:9                    root stylesheet[39m[22m
<w> [1m[33m[39m[22m
<w> [1m[33m21 repetitive deprecation warnings omitted.[39m[22m
<w> [1m[33m[39m[22m
<w> [1m[33mnull[39m[22m

webpack compiled [1m[32msuccessfully[39m[22m
Compiling...
Compiled successfully!
[1mLOG from ./node_modules/sass-loader/dist/cjs.js sass-loader ./node_modules/css-loader/dist/cjs.js??ruleSet[1].rules[1].oneOf[7].use[1]!./node_modules/postcss-loader/dist/cjs.js??ruleSet[1].rules[1].oneOf[7].use[2]!./node_modules/resolve-url-loader/index.js??ruleSet[1].rules[1].oneOf[7].use[3]!./node_modules/sass-loader/dist/cjs.js??ruleSet[1].rules[1].oneOf[7].use[4]!./src/assets/scss/main.scss[39m[22m
<w> [1m[33mDeprecation The legacy JS API is deprecated and will be removed in Dart Sass 2.0.0.[39m[22m
<w> [1m[33m[39m[22m
<w> [1m[33mMore info: https://sass-lang.com/d/legacy-js-api[39m[22m
<w> [1m[33m[39m[22m
<w> [1m[33mnull[39m[22m
<w> [1m[33mDeprecation Sass @import rules are deprecated and will be removed in Dart Sass 3.0.0.[39m[22m
<w> [1m[33m[39m[22m
<w> [1m[33mMore info and automated migrator: https://sass-lang.com/d/import[39m[22m
<w> [1m[33m[39m[22m
<w> [1m[33msrc\assets\scss\main.scss 2:9  root stylesheet[39m[22m
<w> [1m[33m[39m[22m
<w> [1m[33mDeprecation Sass @import rules are deprecated and will be removed in Dart Sass 3.0.0.[39m[22m
<w> [1m[33m[39m[22m
<w> [1m[33mMore info and automated migrator: https://sass-lang.com/d/import[39m[22m
<w> [1m[33m[39m[22m
<w> [1m[33msrc\assets\scss\main.scss 3:9  root stylesheet[39m[22m
<w> [1m[33m[39m[22m
<w> [1m[33mDeprecation Sass @import rules are deprecated and will be removed in Dart Sass 3.0.0.[39m[22m
<w> [1m[33m[39m[22m
<w> [1m[33mMore info and automated migrator: https://sass-lang.com/d/import[39m[22m
<w> [1m[33m[39m[22m
<w> [1m[33msrc\assets\scss\main.scss 4:9  root stylesheet[39m[22m
<w> [1m[33m[39m[22m
<w> [1m[33mDeprecation Sass @import rules are deprecated and will be removed in Dart Sass 3.0.0.[39m[22m
<w> [1m[33m[39m[22m
<w> [1m[33mMore info and automated migrator: https://sass-lang.com/d/import[39m[22m
<w> [1m[33m[39m[22m
<w> [1m[33msrc\assets\scss\main.scss 7:9  root stylesheet[39m[22m
<w> [1m[33m[39m[22m
<w> [1m[33mDeprecation Sass @import rules are deprecated and will be removed in Dart Sass 3.0.0.[39m[22m
<w> [1m[33m[39m[22m
<w> [1m[33mMore info and automated migrator: https://sass-lang.com/d/import[39m[22m
<w> [1m[33m[39m[22m
<w> [1m[33msrc\assets\scss\main.scss 8:9  root stylesheet[39m[22m
<w> [1m[33m[39m[22m
<w> [1m[33mDeprecation Global built-in functions are deprecated and will be removed in Dart Sass 3.0.0.[39m[22m
<w> [1m[33mUse map.has-key instead.[39m[22m
<w> [1m[33m[39m[22m
<w> [1m[33mMore info and automated migrator: https://sass-lang.com/d/import[39m[22m
<w> [1m[33m[39m[22m
<w> [1m[33msrc\assets\scss\helper\_media-queries.scss 2:7              media-max()[39m[22m
<w> [1m[33msrc\assets\scss\components\header\_header-public.scss 53:1  @import[39m[22m
<w> [1m[33msrc\assets\scss\main.scss 16:9                              root stylesheet[39m[22m
<w> [1m[33m[39m[22m
<w> [1m[33mDeprecation Global built-in functions are deprecated and will be removed in Dart Sass 3.0.0.[39m[22m
<w> [1m[33mUse map.get instead.[39m[22m
<w> [1m[33m[39m[22m
<w> [1m[33mMore info and automated migrator: https://sass-lang.com/d/import[39m[22m
<w> [1m[33m[39m[22m
<w> [1m[33msrc\assets\scss\helper\_media-queries.scss 4:24             media-max()[39m[22m
<w> [1m[33msrc\assets\scss\components\header\_header-public.scss 53:1  @import[39m[22m
<w> [1m[33msrc\assets\scss\main.scss 16:9                              root stylesheet[39m[22m
<w> [1m[33m[39m[22m
<w> [1m[33mDeprecation Global built-in functions are deprecated and will be removed in Dart Sass 3.0.0.[39m[22m
<w> [1m[33mUse map.has-key instead.[39m[22m
<w> [1m[33m[39m[22m
<w> [1m[33mMore info and automated migrator: https://sass-lang.com/d/import[39m[22m
<w> [1m[33m[39m[22m
<w> [1m[33msrc\assets\scss\helper\_media-queries.scss 17:7  media-min()[39m[22m
<w> [1m[33msrc\assets\scss\views\guest\_guest.scss 1407:9   @import[39m[22m
<w> [1m[33msrc\assets\scss\main.scss 23:9                   root stylesheet[39m[22m
<w> [1m[33m[39m[22m
<w> [1m[33mDeprecation Global built-in functions are deprecated and will be removed in Dart Sass 3.0.0.[39m[22m
<w> [1m[33mUse map.get instead.[39m[22m
<w> [1m[33m[39m[22m
<w> [1m[33mMore info and automated migrator: https://sass-lang.com/d/import[39m[22m
<w> [1m[33m[39m[22m
<w> [1m[33msrc\assets\scss\helper\_media-queries.scss 19:24  media-min()[39m[22m
<w> [1m[33msrc\assets\scss\views\guest\_guest.scss 1407:9    @import[39m[22m
<w> [1m[33msrc\assets\scss\main.scss 23:9                    root stylesheet[39m[22m
<w> [1m[33m[39m[22m
<w> [1m[33m21 repetitive deprecation warnings omitted.[39m[22m
<w> [1m[33m[39m[22m
<w> [1m[33mnull[39m[22m

webpack compiled [1m[32msuccessfully[39m[22m
Compiling...
Compiled successfully!
webpack compiled [1m[32msuccessfully[39m[22m
Compiling...
Compiled successfully!
[1mLOG from ./node_modules/sass-loader/dist/cjs.js sass-loader ./node_modules/css-loader/dist/cjs.js??ruleSet[1].rules[1].oneOf[7].use[1]!./node_modules/postcss-loader/dist/cjs.js??ruleSet[1].rules[1].oneOf[7].use[2]!./node_modules/resolve-url-loader/index.js??ruleSet[1].rules[1].oneOf[7].use[3]!./node_modules/sass-loader/dist/cjs.js??ruleSet[1].rules[1].oneOf[7].use[4]!./src/assets/scss/main.scss[39m[22m
<w> [1m[33mDeprecation The legacy JS API is deprecated and will be removed in Dart Sass 2.0.0.[39m[22m
<w> [1m[33m[39m[22m
<w> [1m[33mMore info: https://sass-lang.com/d/legacy-js-api[39m[22m
<w> [1m[33m[39m[22m
<w> [1m[33mnull[39m[22m
<w> [1m[33mDeprecation Sass @import rules are deprecated and will be removed in Dart Sass 3.0.0.[39m[22m
<w> [1m[33m[39m[22m
<w> [1m[33mMore info and automated migrator: https://sass-lang.com/d/import[39m[22m
<w> [1m[33m[39m[22m
<w> [1m[33msrc\assets\scss\main.scss 2:9  root stylesheet[39m[22m
<w> [1m[33m[39m[22m
<w> [1m[33mDeprecation Sass @import rules are deprecated and will be removed in Dart Sass 3.0.0.[39m[22m
<w> [1m[33m[39m[22m
<w> [1m[33mMore info and automated migrator: https://sass-lang.com/d/import[39m[22m
<w> [1m[33m[39m[22m
<w> [1m[33msrc\assets\scss\main.scss 3:9  root stylesheet[39m[22m
<w> [1m[33m[39m[22m
<w> [1m[33mDeprecation Sass @import rules are deprecated and will be removed in Dart Sass 3.0.0.[39m[22m
<w> [1m[33m[39m[22m
<w> [1m[33mMore info and automated migrator: https://sass-lang.com/d/import[39m[22m
<w> [1m[33m[39m[22m
<w> [1m[33msrc\assets\scss\main.scss 4:9  root stylesheet[39m[22m
<w> [1m[33m[39m[22m
<w> [1m[33mDeprecation Sass @import rules are deprecated and will be removed in Dart Sass 3.0.0.[39m[22m
<w> [1m[33m[39m[22m
<w> [1m[33mMore info and automated migrator: https://sass-lang.com/d/import[39m[22m
<w> [1m[33m[39m[22m
<w> [1m[33msrc\assets\scss\main.scss 7:9  root stylesheet[39m[22m
<w> [1m[33m[39m[22m
<w> [1m[33mDeprecation Sass @import rules are deprecated and will be removed in Dart Sass 3.0.0.[39m[22m
<w> [1m[33m[39m[22m
<w> [1m[33mMore info and automated migrator: https://sass-lang.com/d/import[39m[22m
<w> [1m[33m[39m[22m
<w> [1m[33msrc\assets\scss\main.scss 8:9  root stylesheet[39m[22m
<w> [1m[33m[39m[22m
<w> [1m[33mDeprecation Global built-in functions are deprecated and will be removed in Dart Sass 3.0.0.[39m[22m
<w> [1m[33mUse map.has-key instead.[39m[22m
<w> [1m[33m[39m[22m
<w> [1m[33mMore info and automated migrator: https://sass-lang.com/d/import[39m[22m
<w> [1m[33m[39m[22m
<w> [1m[33msrc\assets\scss\helper\_media-queries.scss 2:7              media-max()[39m[22m
<w> [1m[33msrc\assets\scss\components\header\_header-public.scss 53:1  @import[39m[22m
<w> [1m[33msrc\assets\scss\main.scss 16:9                              root stylesheet[39m[22m
<w> [1m[33m[39m[22m
<w> [1m[33mDeprecation Global built-in functions are deprecated and will be removed in Dart Sass 3.0.0.[39m[22m
<w> [1m[33mUse map.get instead.[39m[22m
<w> [1m[33m[39m[22m
<w> [1m[33mMore info and automated migrator: https://sass-lang.com/d/import[39m[22m
<w> [1m[33m[39m[22m
<w> [1m[33msrc\assets\scss\helper\_media-queries.scss 4:24             media-max()[39m[22m
<w> [1m[33msrc\assets\scss\components\header\_header-public.scss 53:1  @import[39m[22m
<w> [1m[33msrc\assets\scss\main.scss 16:9                              root stylesheet[39m[22m
<w> [1m[33m[39m[22m
<w> [1m[33mDeprecation Global built-in functions are deprecated and will be removed in Dart Sass 3.0.0.[39m[22m
<w> [1m[33mUse map.has-key instead.[39m[22m
<w> [1m[33m[39m[22m
<w> [1m[33mMore info and automated migrator: https://sass-lang.com/d/import[39m[22m
<w> [1m[33m[39m[22m
<w> [1m[33msrc\assets\scss\helper\_media-queries.scss 17:7  media-min()[39m[22m
<w> [1m[33msrc\assets\scss\views\guest\_guest.scss 1456:9   @import[39m[22m
<w> [1m[33msrc\assets\scss\main.scss 23:9                   root stylesheet[39m[22m
<w> [1m[33m[39m[22m
<w> [1m[33mDeprecation Global built-in functions are deprecated and will be removed in Dart Sass 3.0.0.[39m[22m
<w> [1m[33mUse map.get instead.[39m[22m
<w> [1m[33m[39m[22m
<w> [1m[33mMore info and automated migrator: https://sass-lang.com/d/import[39m[22m
<w> [1m[33m[39m[22m
<w> [1m[33msrc\assets\scss\helper\_media-queries.scss 19:24  media-min()[39m[22m
<w> [1m[33msrc\assets\scss\views\guest\_guest.scss 1456:9    @import[39m[22m
<w> [1m[33msrc\assets\scss\main.scss 23:9                    root stylesheet[39m[22m
<w> [1m[33m[39m[22m
<w> [1m[33m21 repetitive deprecation warnings omitted.[39m[22m
<w> [1m[33m[39m[22m
<w> [1m[33mnull[39m[22m

webpack compiled [1m[32msuccessfully[39m[22m
Compiling...
Compiled successfully!
[1mLOG from ./node_modules/sass-loader/dist/cjs.js sass-loader ./node_modules/css-loader/dist/cjs.js??ruleSet[1].rules[1].oneOf[7].use[1]!./node_modules/postcss-loader/dist/cjs.js??ruleSet[1].rules[1].oneOf[7].use[2]!./node_modules/resolve-url-loader/index.js??ruleSet[1].rules[1].oneOf[7].use[3]!./node_modules/sass-loader/dist/cjs.js??ruleSet[1].rules[1].oneOf[7].use[4]!./src/assets/scss/main.scss[39m[22m
<w> [1m[33mDeprecation The legacy JS API is deprecated and will be removed in Dart Sass 2.0.0.[39m[22m
<w> [1m[33m[39m[22m
<w> [1m[33mMore info: https://sass-lang.com/d/legacy-js-api[39m[22m
<w> [1m[33m[39m[22m
<w> [1m[33mnull[39m[22m
<w> [1m[33mDeprecation Sass @import rules are deprecated and will be removed in Dart Sass 3.0.0.[39m[22m
<w> [1m[33m[39m[22m
<w> [1m[33mMore info and automated migrator: https://sass-lang.com/d/import[39m[22m
<w> [1m[33m[39m[22m
<w> [1m[33msrc\assets\scss\main.scss 2:9  root stylesheet[39m[22m
<w> [1m[33m[39m[22m
<w> [1m[33mDeprecation Sass @import rules are deprecated and will be removed in Dart Sass 3.0.0.[39m[22m
<w> [1m[33m[39m[22m
<w> [1m[33mMore info and automated migrator: https://sass-lang.com/d/import[39m[22m
<w> [1m[33m[39m[22m
<w> [1m[33msrc\assets\scss\main.scss 3:9  root stylesheet[39m[22m
<w> [1m[33m[39m[22m
<w> [1m[33mDeprecation Sass @import rules are deprecated and will be removed in Dart Sass 3.0.0.[39m[22m
<w> [1m[33m[39m[22m
<w> [1m[33mMore info and automated migrator: https://sass-lang.com/d/import[39m[22m
<w> [1m[33m[39m[22m
<w> [1m[33msrc\assets\scss\main.scss 4:9  root stylesheet[39m[22m
<w> [1m[33m[39m[22m
<w> [1m[33mDeprecation Sass @import rules are deprecated and will be removed in Dart Sass 3.0.0.[39m[22m
<w> [1m[33m[39m[22m
<w> [1m[33mMore info and automated migrator: https://sass-lang.com/d/import[39m[22m
<w> [1m[33m[39m[22m
<w> [1m[33msrc\assets\scss\main.scss 7:9  root stylesheet[39m[22m
<w> [1m[33m[39m[22m
<w> [1m[33mDeprecation Sass @import rules are deprecated and will be removed in Dart Sass 3.0.0.[39m[22m
<w> [1m[33m[39m[22m
<w> [1m[33mMore info and automated migrator: https://sass-lang.com/d/import[39m[22m
<w> [1m[33m[39m[22m
<w> [1m[33msrc\assets\scss\main.scss 8:9  root stylesheet[39m[22m
<w> [1m[33m[39m[22m
<w> [1m[33mDeprecation Global built-in functions are deprecated and will be removed in Dart Sass 3.0.0.[39m[22m
<w> [1m[33mUse map.has-key instead.[39m[22m
<w> [1m[33m[39m[22m
<w> [1m[33mMore info and automated migrator: https://sass-lang.com/d/import[39m[22m
<w> [1m[33m[39m[22m
<w> [1m[33msrc\assets\scss\helper\_media-queries.scss 2:7              media-max()[39m[22m
<w> [1m[33msrc\assets\scss\components\header\_header-public.scss 53:1  @import[39m[22m
<w> [1m[33msrc\assets\scss\main.scss 16:9                              root stylesheet[39m[22m
<w> [1m[33m[39m[22m
<w> [1m[33mDeprecation Global built-in functions are deprecated and will be removed in Dart Sass 3.0.0.[39m[22m
<w> [1m[33mUse map.get instead.[39m[22m
<w> [1m[33m[39m[22m
<w> [1m[33mMore info and automated migrator: https://sass-lang.com/d/import[39m[22m
<w> [1m[33m[39m[22m
<w> [1m[33msrc\assets\scss\helper\_media-queries.scss 4:24             media-max()[39m[22m
<w> [1m[33msrc\assets\scss\components\header\_header-public.scss 53:1  @import[39m[22m
<w> [1m[33msrc\assets\scss\main.scss 16:9                              root stylesheet[39m[22m
<w> [1m[33m[39m[22m
<w> [1m[33mDeprecation Global built-in functions are deprecated and will be removed in Dart Sass 3.0.0.[39m[22m
<w> [1m[33mUse map.has-key instead.[39m[22m
<w> [1m[33m[39m[22m
<w> [1m[33mMore info and automated migrator: https://sass-lang.com/d/import[39m[22m
<w> [1m[33m[39m[22m
<w> [1m[33msrc\assets\scss\helper\_media-queries.scss 17:7  media-min()[39m[22m
<w> [1m[33msrc\assets\scss\views\guest\_guest.scss 1476:9   @import[39m[22m
<w> [1m[33msrc\assets\scss\main.scss 23:9                   root stylesheet[39m[22m
<w> [1m[33m[39m[22m
<w> [1m[33mDeprecation Global built-in functions are deprecated and will be removed in Dart Sass 3.0.0.[39m[22m
<w> [1m[33mUse map.get instead.[39m[22m
<w> [1m[33m[39m[22m
<w> [1m[33mMore info and automated migrator: https://sass-lang.com/d/import[39m[22m
<w> [1m[33m[39m[22m
<w> [1m[33msrc\assets\scss\helper\_media-queries.scss 19:24  media-min()[39m[22m
<w> [1m[33msrc\assets\scss\views\guest\_guest.scss 1476:9    @import[39m[22m
<w> [1m[33msrc\assets\scss\main.scss 23:9                    root stylesheet[39m[22m
<w> [1m[33m[39m[22m
<w> [1m[33m21 repetitive deprecation warnings omitted.[39m[22m
<w> [1m[33m[39m[22m
<w> [1m[33mnull[39m[22m

webpack compiled [1m[32msuccessfully[39m[22m
Compiling...
Compiled successfully!
[1mLOG from ./node_modules/sass-loader/dist/cjs.js sass-loader ./node_modules/css-loader/dist/cjs.js??ruleSet[1].rules[1].oneOf[7].use[1]!./node_modules/postcss-loader/dist/cjs.js??ruleSet[1].rules[1].oneOf[7].use[2]!./node_modules/resolve-url-loader/index.js??ruleSet[1].rules[1].oneOf[7].use[3]!./node_modules/sass-loader/dist/cjs.js??ruleSet[1].rules[1].oneOf[7].use[4]!./src/assets/scss/main.scss[39m[22m
<w> [1m[33mDeprecation The legacy JS API is deprecated and will be removed in Dart Sass 2.0.0.[39m[22m
<w> [1m[33m[39m[22m
<w> [1m[33mMore info: https://sass-lang.com/d/legacy-js-api[39m[22m
<w> [1m[33m[39m[22m
<w> [1m[33mnull[39m[22m
<w> [1m[33mDeprecation Sass @import rules are deprecated and will be removed in Dart Sass 3.0.0.[39m[22m
<w> [1m[33m[39m[22m
<w> [1m[33mMore info and automated migrator: https://sass-lang.com/d/import[39m[22m
<w> [1m[33m[39m[22m
<w> [1m[33msrc\assets\scss\main.scss 2:9  root stylesheet[39m[22m
<w> [1m[33m[39m[22m
<w> [1m[33mDeprecation Sass @import rules are deprecated and will be removed in Dart Sass 3.0.0.[39m[22m
<w> [1m[33m[39m[22m
<w> [1m[33mMore info and automated migrator: https://sass-lang.com/d/import[39m[22m
<w> [1m[33m[39m[22m
<w> [1m[33msrc\assets\scss\main.scss 3:9  root stylesheet[39m[22m
<w> [1m[33m[39m[22m
<w> [1m[33mDeprecation Sass @import rules are deprecated and will be removed in Dart Sass 3.0.0.[39m[22m
<w> [1m[33m[39m[22m
<w> [1m[33mMore info and automated migrator: https://sass-lang.com/d/import[39m[22m
<w> [1m[33m[39m[22m
<w> [1m[33msrc\assets\scss\main.scss 4:9  root stylesheet[39m[22m
<w> [1m[33m[39m[22m
<w> [1m[33mDeprecation Sass @import rules are deprecated and will be removed in Dart Sass 3.0.0.[39m[22m
<w> [1m[33m[39m[22m
<w> [1m[33mMore info and automated migrator: https://sass-lang.com/d/import[39m[22m
<w> [1m[33m[39m[22m
<w> [1m[33msrc\assets\scss\main.scss 7:9  root stylesheet[39m[22m
<w> [1m[33m[39m[22m
<w> [1m[33mDeprecation Sass @import rules are deprecated and will be removed in Dart Sass 3.0.0.[39m[22m
<w> [1m[33m[39m[22m
<w> [1m[33mMore info and automated migrator: https://sass-lang.com/d/import[39m[22m
<w> [1m[33m[39m[22m
<w> [1m[33msrc\assets\scss\main.scss 8:9  root stylesheet[39m[22m
<w> [1m[33m[39m[22m
<w> [1m[33mDeprecation Global built-in functions are deprecated and will be removed in Dart Sass 3.0.0.[39m[22m
<w> [1m[33mUse map.has-key instead.[39m[22m
<w> [1m[33m[39m[22m
<w> [1m[33mMore info and automated migrator: https://sass-lang.com/d/import[39m[22m
<w> [1m[33m[39m[22m
<w> [1m[33msrc\assets\scss\helper\_media-queries.scss 2:7              media-max()[39m[22m
<w> [1m[33msrc\assets\scss\components\header\_header-public.scss 53:1  @import[39m[22m
<w> [1m[33msrc\assets\scss\main.scss 16:9                              root stylesheet[39m[22m
<w> [1m[33m[39m[22m
<w> [1m[33mDeprecation Global built-in functions are deprecated and will be removed in Dart Sass 3.0.0.[39m[22m
<w> [1m[33mUse map.get instead.[39m[22m
<w> [1m[33m[39m[22m
<w> [1m[33mMore info and automated migrator: https://sass-lang.com/d/import[39m[22m
<w> [1m[33m[39m[22m
<w> [1m[33msrc\assets\scss\helper\_media-queries.scss 4:24             media-max()[39m[22m
<w> [1m[33msrc\assets\scss\components\header\_header-public.scss 53:1  @import[39m[22m
<w> [1m[33msrc\assets\scss\main.scss 16:9                              root stylesheet[39m[22m
<w> [1m[33m[39m[22m
<w> [1m[33mDeprecation Global built-in functions are deprecated and will be removed in Dart Sass 3.0.0.[39m[22m
<w> [1m[33mUse map.has-key instead.[39m[22m
<w> [1m[33m[39m[22m
<w> [1m[33mMore info and automated migrator: https://sass-lang.com/d/import[39m[22m
<w> [1m[33m[39m[22m
<w> [1m[33msrc\assets\scss\helper\_media-queries.scss 17:7  media-min()[39m[22m
<w> [1m[33msrc\assets\scss\views\guest\_guest.scss 1476:9   @import[39m[22m
<w> [1m[33msrc\assets\scss\main.scss 23:9                   root stylesheet[39m[22m
<w> [1m[33m[39m[22m
<w> [1m[33mDeprecation Global built-in functions are deprecated and will be removed in Dart Sass 3.0.0.[39m[22m
<w> [1m[33mUse map.get instead.[39m[22m
<w> [1m[33m[39m[22m
<w> [1m[33mMore info and automated migrator: https://sass-lang.com/d/import[39m[22m
<w> [1m[33m[39m[22m
<w> [1m[33msrc\assets\scss\helper\_media-queries.scss 19:24  media-min()[39m[22m
<w> [1m[33msrc\assets\scss\views\guest\_guest.scss 1476:9    @import[39m[22m
<w> [1m[33msrc\assets\scss\main.scss 23:9                    root stylesheet[39m[22m
<w> [1m[33m[39m[22m
<w> [1m[33m21 repetitive deprecation warnings omitted.[39m[22m
<w> [1m[33m[39m[22m
<w> [1m[33mnull[39m[22m

webpack compiled [1m[32msuccessfully[39m[22m
Compiling...
Compiled successfully!
[1mLOG from ./node_modules/sass-loader/dist/cjs.js sass-loader ./node_modules/css-loader/dist/cjs.js??ruleSet[1].rules[1].oneOf[7].use[1]!./node_modules/postcss-loader/dist/cjs.js??ruleSet[1].rules[1].oneOf[7].use[2]!./node_modules/resolve-url-loader/index.js??ruleSet[1].rules[1].oneOf[7].use[3]!./node_modules/sass-loader/dist/cjs.js??ruleSet[1].rules[1].oneOf[7].use[4]!./src/assets/scss/main.scss[39m[22m
<w> [1m[33mDeprecation The legacy JS API is deprecated and will be removed in Dart Sass 2.0.0.[39m[22m
<w> [1m[33m[39m[22m
<w> [1m[33mMore info: https://sass-lang.com/d/legacy-js-api[39m[22m
<w> [1m[33m[39m[22m
<w> [1m[33mnull[39m[22m
<w> [1m[33mDeprecation Sass @import rules are deprecated and will be removed in Dart Sass 3.0.0.[39m[22m
<w> [1m[33m[39m[22m
<w> [1m[33mMore info and automated migrator: https://sass-lang.com/d/import[39m[22m
<w> [1m[33m[39m[22m
<w> [1m[33msrc\assets\scss\main.scss 2:9  root stylesheet[39m[22m
<w> [1m[33m[39m[22m
<w> [1m[33mDeprecation Sass @import rules are deprecated and will be removed in Dart Sass 3.0.0.[39m[22m
<w> [1m[33m[39m[22m
<w> [1m[33mMore info and automated migrator: https://sass-lang.com/d/import[39m[22m
<w> [1m[33m[39m[22m
<w> [1m[33msrc\assets\scss\main.scss 3:9  root stylesheet[39m[22m
<w> [1m[33m[39m[22m
<w> [1m[33mDeprecation Sass @import rules are deprecated and will be removed in Dart Sass 3.0.0.[39m[22m
<w> [1m[33m[39m[22m
<w> [1m[33mMore info and automated migrator: https://sass-lang.com/d/import[39m[22m
<w> [1m[33m[39m[22m
<w> [1m[33msrc\assets\scss\main.scss 4:9  root stylesheet[39m[22m
<w> [1m[33m[39m[22m
<w> [1m[33mDeprecation Sass @import rules are deprecated and will be removed in Dart Sass 3.0.0.[39m[22m
<w> [1m[33m[39m[22m
<w> [1m[33mMore info and automated migrator: https://sass-lang.com/d/import[39m[22m
<w> [1m[33m[39m[22m
<w> [1m[33msrc\assets\scss\main.scss 7:9  root stylesheet[39m[22m
<w> [1m[33m[39m[22m
<w> [1m[33mDeprecation Sass @import rules are deprecated and will be removed in Dart Sass 3.0.0.[39m[22m
<w> [1m[33m[39m[22m
<w> [1m[33mMore info and automated migrator: https://sass-lang.com/d/import[39m[22m
<w> [1m[33m[39m[22m
<w> [1m[33msrc\assets\scss\main.scss 8:9  root stylesheet[39m[22m
<w> [1m[33m[39m[22m
<w> [1m[33mDeprecation Global built-in functions are deprecated and will be removed in Dart Sass 3.0.0.[39m[22m
<w> [1m[33mUse map.has-key instead.[39m[22m
<w> [1m[33m[39m[22m
<w> [1m[33mMore info and automated migrator: https://sass-lang.com/d/import[39m[22m
<w> [1m[33m[39m[22m
<w> [1m[33msrc\assets\scss\helper\_media-queries.scss 2:7              media-max()[39m[22m
<w> [1m[33msrc\assets\scss\components\header\_header-public.scss 53:1  @import[39m[22m
<w> [1m[33msrc\assets\scss\main.scss 16:9                              root stylesheet[39m[22m
<w> [1m[33m[39m[22m
<w> [1m[33mDeprecation Global built-in functions are deprecated and will be removed in Dart Sass 3.0.0.[39m[22m
<w> [1m[33mUse map.get instead.[39m[22m
<w> [1m[33m[39m[22m
<w> [1m[33mMore info and automated migrator: https://sass-lang.com/d/import[39m[22m
<w> [1m[33m[39m[22m
<w> [1m[33msrc\assets\scss\helper\_media-queries.scss 4:24             media-max()[39m[22m
<w> [1m[33msrc\assets\scss\components\header\_header-public.scss 53:1  @import[39m[22m
<w> [1m[33msrc\assets\scss\main.scss 16:9                              root stylesheet[39m[22m
<w> [1m[33m[39m[22m
<w> [1m[33mDeprecation Global built-in functions are deprecated and will be removed in Dart Sass 3.0.0.[39m[22m
<w> [1m[33mUse map.has-key instead.[39m[22m
<w> [1m[33m[39m[22m
<w> [1m[33mMore info and automated migrator: https://sass-lang.com/d/import[39m[22m
<w> [1m[33m[39m[22m
<w> [1m[33msrc\assets\scss\helper\_media-queries.scss 17:7  media-min()[39m[22m
<w> [1m[33msrc\assets\scss\views\guest\_guest.scss 1476:9   @import[39m[22m
<w> [1m[33msrc\assets\scss\main.scss 23:9                   root stylesheet[39m[22m
<w> [1m[33m[39m[22m
<w> [1m[33mDeprecation Global built-in functions are deprecated and will be removed in Dart Sass 3.0.0.[39m[22m
<w> [1m[33mUse map.get instead.[39m[22m
<w> [1m[33m[39m[22m
<w> [1m[33mMore info and automated migrator: https://sass-lang.com/d/import[39m[22m
<w> [1m[33m[39m[22m
<w> [1m[33msrc\assets\scss\helper\_media-queries.scss 19:24  media-min()[39m[22m
<w> [1m[33msrc\assets\scss\views\guest\_guest.scss 1476:9    @import[39m[22m
<w> [1m[33msrc\assets\scss\main.scss 23:9                    root stylesheet[39m[22m
<w> [1m[33m[39m[22m
<w> [1m[33m21 repetitive deprecation warnings omitted.[39m[22m
<w> [1m[33m[39m[22m
<w> [1m[33mnull[39m[22m

webpack compiled [1m[32msuccessfully[39m[22m
Compiling...
Compiled successfully!
[1mLOG from ./node_modules/sass-loader/dist/cjs.js sass-loader ./node_modules/css-loader/dist/cjs.js??ruleSet[1].rules[1].oneOf[7].use[1]!./node_modules/postcss-loader/dist/cjs.js??ruleSet[1].rules[1].oneOf[7].use[2]!./node_modules/resolve-url-loader/index.js??ruleSet[1].rules[1].oneOf[7].use[3]!./node_modules/sass-loader/dist/cjs.js??ruleSet[1].rules[1].oneOf[7].use[4]!./src/assets/scss/main.scss[39m[22m
<w> [1m[33mDeprecation The legacy JS API is deprecated and will be removed in Dart Sass 2.0.0.[39m[22m
<w> [1m[33m[39m[22m
<w> [1m[33mMore info: https://sass-lang.com/d/legacy-js-api[39m[22m
<w> [1m[33m[39m[22m
<w> [1m[33mnull[39m[22m
<w> [1m[33mDeprecation Sass @import rules are deprecated and will be removed in Dart Sass 3.0.0.[39m[22m
<w> [1m[33m[39m[22m
<w> [1m[33mMore info and automated migrator: https://sass-lang.com/d/import[39m[22m
<w> [1m[33m[39m[22m
<w> [1m[33msrc\assets\scss\main.scss 2:9  root stylesheet[39m[22m
<w> [1m[33m[39m[22m
<w> [1m[33mDeprecation Sass @import rules are deprecated and will be removed in Dart Sass 3.0.0.[39m[22m
<w> [1m[33m[39m[22m
<w> [1m[33mMore info and automated migrator: https://sass-lang.com/d/import[39m[22m
<w> [1m[33m[39m[22m
<w> [1m[33msrc\assets\scss\main.scss 3:9  root stylesheet[39m[22m
<w> [1m[33m[39m[22m
<w> [1m[33mDeprecation Sass @import rules are deprecated and will be removed in Dart Sass 3.0.0.[39m[22m
<w> [1m[33m[39m[22m
<w> [1m[33mMore info and automated migrator: https://sass-lang.com/d/import[39m[22m
<w> [1m[33m[39m[22m
<w> [1m[33msrc\assets\scss\main.scss 4:9  root stylesheet[39m[22m
<w> [1m[33m[39m[22m
<w> [1m[33mDeprecation Sass @import rules are deprecated and will be removed in Dart Sass 3.0.0.[39m[22m
<w> [1m[33m[39m[22m
<w> [1m[33mMore info and automated migrator: https://sass-lang.com/d/import[39m[22m
<w> [1m[33m[39m[22m
<w> [1m[33msrc\assets\scss\main.scss 7:9  root stylesheet[39m[22m
<w> [1m[33m[39m[22m
<w> [1m[33mDeprecation Sass @import rules are deprecated and will be removed in Dart Sass 3.0.0.[39m[22m
<w> [1m[33m[39m[22m
<w> [1m[33mMore info and automated migrator: https://sass-lang.com/d/import[39m[22m
<w> [1m[33m[39m[22m
<w> [1m[33msrc\assets\scss\main.scss 8:9  root stylesheet[39m[22m
<w> [1m[33m[39m[22m
<w> [1m[33mDeprecation Global built-in functions are deprecated and will be removed in Dart Sass 3.0.0.[39m[22m
<w> [1m[33mUse map.has-key instead.[39m[22m
<w> [1m[33m[39m[22m
<w> [1m[33mMore info and automated migrator: https://sass-lang.com/d/import[39m[22m
<w> [1m[33m[39m[22m
<w> [1m[33msrc\assets\scss\helper\_media-queries.scss 2:7              media-max()[39m[22m
<w> [1m[33msrc\assets\scss\components\header\_header-public.scss 53:1  @import[39m[22m
<w> [1m[33msrc\assets\scss\main.scss 16:9                              root stylesheet[39m[22m
<w> [1m[33m[39m[22m
<w> [1m[33mDeprecation Global built-in functions are deprecated and will be removed in Dart Sass 3.0.0.[39m[22m
<w> [1m[33mUse map.get instead.[39m[22m
<w> [1m[33m[39m[22m
<w> [1m[33mMore info and automated migrator: https://sass-lang.com/d/import[39m[22m
<w> [1m[33m[39m[22m
<w> [1m[33msrc\assets\scss\helper\_media-queries.scss 4:24             media-max()[39m[22m
<w> [1m[33msrc\assets\scss\components\header\_header-public.scss 53:1  @import[39m[22m
<w> [1m[33msrc\assets\scss\main.scss 16:9                              root stylesheet[39m[22m
<w> [1m[33m[39m[22m
<w> [1m[33mDeprecation Global built-in functions are deprecated and will be removed in Dart Sass 3.0.0.[39m[22m
<w> [1m[33mUse map.has-key instead.[39m[22m
<w> [1m[33m[39m[22m
<w> [1m[33mMore info and automated migrator: https://sass-lang.com/d/import[39m[22m
<w> [1m[33m[39m[22m
<w> [1m[33msrc\assets\scss\helper\_media-queries.scss 17:7  media-min()[39m[22m
<w> [1m[33msrc\assets\scss\views\guest\_guest.scss 1521:9   @import[39m[22m
<w> [1m[33msrc\assets\scss\main.scss 23:9                   root stylesheet[39m[22m
<w> [1m[33m[39m[22m
<w> [1m[33mDeprecation Global built-in functions are deprecated and will be removed in Dart Sass 3.0.0.[39m[22m
<w> [1m[33mUse map.get instead.[39m[22m
<w> [1m[33m[39m[22m
<w> [1m[33mMore info and automated migrator: https://sass-lang.com/d/import[39m[22m
<w> [1m[33m[39m[22m
<w> [1m[33msrc\assets\scss\helper\_media-queries.scss 19:24  media-min()[39m[22m
<w> [1m[33msrc\assets\scss\views\guest\_guest.scss 1521:9    @import[39m[22m
<w> [1m[33msrc\assets\scss\main.scss 23:9                    root stylesheet[39m[22m
<w> [1m[33m[39m[22m
<w> [1m[33m21 repetitive deprecation warnings omitted.[39m[22m
<w> [1m[33m[39m[22m
<w> [1m[33mnull[39m[22m

webpack compiled [1m[32msuccessfully[39m[22m
Compiling...
Compiled successfully!
[1mLOG from ./node_modules/sass-loader/dist/cjs.js sass-loader ./node_modules/css-loader/dist/cjs.js??ruleSet[1].rules[1].oneOf[7].use[1]!./node_modules/postcss-loader/dist/cjs.js??ruleSet[1].rules[1].oneOf[7].use[2]!./node_modules/resolve-url-loader/index.js??ruleSet[1].rules[1].oneOf[7].use[3]!./node_modules/sass-loader/dist/cjs.js??ruleSet[1].rules[1].oneOf[7].use[4]!./src/assets/scss/main.scss[39m[22m
<w> [1m[33mDeprecation The legacy JS API is deprecated and will be removed in Dart Sass 2.0.0.[39m[22m
<w> [1m[33m[39m[22m
<w> [1m[33mMore info: https://sass-lang.com/d/legacy-js-api[39m[22m
<w> [1m[33m[39m[22m
<w> [1m[33mnull[39m[22m
<w> [1m[33mDeprecation Sass @import rules are deprecated and will be removed in Dart Sass 3.0.0.[39m[22m
<w> [1m[33m[39m[22m
<w> [1m[33mMore info and automated migrator: https://sass-lang.com/d/import[39m[22m
<w> [1m[33m[39m[22m
<w> [1m[33msrc\assets\scss\main.scss 2:9  root stylesheet[39m[22m
<w> [1m[33m[39m[22m
<w> [1m[33mDeprecation Sass @import rules are deprecated and will be removed in Dart Sass 3.0.0.[39m[22m
<w> [1m[33m[39m[22m
<w> [1m[33mMore info and automated migrator: https://sass-lang.com/d/import[39m[22m
<w> [1m[33m[39m[22m
<w> [1m[33msrc\assets\scss\main.scss 3:9  root stylesheet[39m[22m
<w> [1m[33m[39m[22m
<w> [1m[33mDeprecation Sass @import rules are deprecated and will be removed in Dart Sass 3.0.0.[39m[22m
<w> [1m[33m[39m[22m
<w> [1m[33mMore info and automated migrator: https://sass-lang.com/d/import[39m[22m
<w> [1m[33m[39m[22m
<w> [1m[33msrc\assets\scss\main.scss 4:9  root stylesheet[39m[22m
<w> [1m[33m[39m[22m
<w> [1m[33mDeprecation Sass @import rules are deprecated and will be removed in Dart Sass 3.0.0.[39m[22m
<w> [1m[33m[39m[22m
<w> [1m[33mMore info and automated migrator: https://sass-lang.com/d/import[39m[22m
<w> [1m[33m[39m[22m
<w> [1m[33msrc\assets\scss\main.scss 7:9  root stylesheet[39m[22m
<w> [1m[33m[39m[22m
<w> [1m[33mDeprecation Sass @import rules are deprecated and will be removed in Dart Sass 3.0.0.[39m[22m
<w> [1m[33m[39m[22m
<w> [1m[33mMore info and automated migrator: https://sass-lang.com/d/import[39m[22m
<w> [1m[33m[39m[22m
<w> [1m[33msrc\assets\scss\main.scss 8:9  root stylesheet[39m[22m
<w> [1m[33m[39m[22m
<w> [1m[33mDeprecation Global built-in functions are deprecated and will be removed in Dart Sass 3.0.0.[39m[22m
<w> [1m[33mUse map.has-key instead.[39m[22m
<w> [1m[33m[39m[22m
<w> [1m[33mMore info and automated migrator: https://sass-lang.com/d/import[39m[22m
<w> [1m[33m[39m[22m
<w> [1m[33msrc\assets\scss\helper\_media-queries.scss 2:7              media-max()[39m[22m
<w> [1m[33msrc\assets\scss\components\header\_header-public.scss 53:1  @import[39m[22m
<w> [1m[33msrc\assets\scss\main.scss 16:9                              root stylesheet[39m[22m
<w> [1m[33m[39m[22m
<w> [1m[33mDeprecation Global built-in functions are deprecated and will be removed in Dart Sass 3.0.0.[39m[22m
<w> [1m[33mUse map.get instead.[39m[22m
<w> [1m[33m[39m[22m
<w> [1m[33mMore info and automated migrator: https://sass-lang.com/d/import[39m[22m
<w> [1m[33m[39m[22m
<w> [1m[33msrc\assets\scss\helper\_media-queries.scss 4:24             media-max()[39m[22m
<w> [1m[33msrc\assets\scss\components\header\_header-public.scss 53:1  @import[39m[22m
<w> [1m[33msrc\assets\scss\main.scss 16:9                              root stylesheet[39m[22m
<w> [1m[33m[39m[22m
<w> [1m[33mDeprecation Global built-in functions are deprecated and will be removed in Dart Sass 3.0.0.[39m[22m
<w> [1m[33mUse map.has-key instead.[39m[22m
<w> [1m[33m[39m[22m
<w> [1m[33mMore info and automated migrator: https://sass-lang.com/d/import[39m[22m
<w> [1m[33m[39m[22m
<w> [1m[33msrc\assets\scss\helper\_media-queries.scss 17:7  media-min()[39m[22m
<w> [1m[33msrc\assets\scss\views\guest\_guest.scss 1521:9   @import[39m[22m
<w> [1m[33msrc\assets\scss\main.scss 23:9                   root stylesheet[39m[22m
<w> [1m[33m[39m[22m
<w> [1m[33mDeprecation Global built-in functions are deprecated and will be removed in Dart Sass 3.0.0.[39m[22m
<w> [1m[33mUse map.get instead.[39m[22m
<w> [1m[33m[39m[22m
<w> [1m[33mMore info and automated migrator: https://sass-lang.com/d/import[39m[22m
<w> [1m[33m[39m[22m
<w> [1m[33msrc\assets\scss\helper\_media-queries.scss 19:24  media-min()[39m[22m
<w> [1m[33msrc\assets\scss\views\guest\_guest.scss 1521:9    @import[39m[22m
<w> [1m[33msrc\assets\scss\main.scss 23:9                    root stylesheet[39m[22m
<w> [1m[33m[39m[22m
<w> [1m[33m21 repetitive deprecation warnings omitted.[39m[22m
<w> [1m[33m[39m[22m
<w> [1m[33mnull[39m[22m

webpack compiled [1m[32msuccessfully[39m[22m
Compiling...
Compiled successfully!
[1mLOG from ./node_modules/sass-loader/dist/cjs.js sass-loader ./node_modules/css-loader/dist/cjs.js??ruleSet[1].rules[1].oneOf[7].use[1]!./node_modules/postcss-loader/dist/cjs.js??ruleSet[1].rules[1].oneOf[7].use[2]!./node_modules/resolve-url-loader/index.js??ruleSet[1].rules[1].oneOf[7].use[3]!./node_modules/sass-loader/dist/cjs.js??ruleSet[1].rules[1].oneOf[7].use[4]!./src/assets/scss/main.scss[39m[22m
<w> [1m[33mDeprecation The legacy JS API is deprecated and will be removed in Dart Sass 2.0.0.[39m[22m
<w> [1m[33m[39m[22m
<w> [1m[33mMore info: https://sass-lang.com/d/legacy-js-api[39m[22m
<w> [1m[33m[39m[22m
<w> [1m[33mnull[39m[22m
<w> [1m[33mDeprecation Sass @import rules are deprecated and will be removed in Dart Sass 3.0.0.[39m[22m
<w> [1m[33m[39m[22m
<w> [1m[33mMore info and automated migrator: https://sass-lang.com/d/import[39m[22m
<w> [1m[33m[39m[22m
<w> [1m[33msrc\assets\scss\main.scss 2:9  root stylesheet[39m[22m
<w> [1m[33m[39m[22m
<w> [1m[33mDeprecation Sass @import rules are deprecated and will be removed in Dart Sass 3.0.0.[39m[22m
<w> [1m[33m[39m[22m
<w> [1m[33mMore info and automated migrator: https://sass-lang.com/d/import[39m[22m
<w> [1m[33m[39m[22m
<w> [1m[33msrc\assets\scss\main.scss 3:9  root stylesheet[39m[22m
<w> [1m[33m[39m[22m
<w> [1m[33mDeprecation Sass @import rules are deprecated and will be removed in Dart Sass 3.0.0.[39m[22m
<w> [1m[33m[39m[22m
<w> [1m[33mMore info and automated migrator: https://sass-lang.com/d/import[39m[22m
<w> [1m[33m[39m[22m
<w> [1m[33msrc\assets\scss\main.scss 4:9  root stylesheet[39m[22m
<w> [1m[33m[39m[22m
<w> [1m[33mDeprecation Sass @import rules are deprecated and will be removed in Dart Sass 3.0.0.[39m[22m
<w> [1m[33m[39m[22m
<w> [1m[33mMore info and automated migrator: https://sass-lang.com/d/import[39m[22m
<w> [1m[33m[39m[22m
<w> [1m[33msrc\assets\scss\main.scss 7:9  root stylesheet[39m[22m
<w> [1m[33m[39m[22m
<w> [1m[33mDeprecation Sass @import rules are deprecated and will be removed in Dart Sass 3.0.0.[39m[22m
<w> [1m[33m[39m[22m
<w> [1m[33mMore info and automated migrator: https://sass-lang.com/d/import[39m[22m
<w> [1m[33m[39m[22m
<w> [1m[33msrc\assets\scss\main.scss 8:9  root stylesheet[39m[22m
<w> [1m[33m[39m[22m
<w> [1m[33mDeprecation Global built-in functions are deprecated and will be removed in Dart Sass 3.0.0.[39m[22m
<w> [1m[33mUse map.has-key instead.[39m[22m
<w> [1m[33m[39m[22m
<w> [1m[33mMore info and automated migrator: https://sass-lang.com/d/import[39m[22m
<w> [1m[33m[39m[22m
<w> [1m[33msrc\assets\scss\helper\_media-queries.scss 2:7              media-max()[39m[22m
<w> [1m[33msrc\assets\scss\components\header\_header-public.scss 53:1  @import[39m[22m
<w> [1m[33msrc\assets\scss\main.scss 16:9                              root stylesheet[39m[22m
<w> [1m[33m[39m[22m
<w> [1m[33mDeprecation Global built-in functions are deprecated and will be removed in Dart Sass 3.0.0.[39m[22m
<w> [1m[33mUse map.get instead.[39m[22m
<w> [1m[33m[39m[22m
<w> [1m[33mMore info and automated migrator: https://sass-lang.com/d/import[39m[22m
<w> [1m[33m[39m[22m
<w> [1m[33msrc\assets\scss\helper\_media-queries.scss 4:24             media-max()[39m[22m
<w> [1m[33msrc\assets\scss\components\header\_header-public.scss 53:1  @import[39m[22m
<w> [1m[33msrc\assets\scss\main.scss 16:9                              root stylesheet[39m[22m
<w> [1m[33m[39m[22m
<w> [1m[33mDeprecation Global built-in functions are deprecated and will be removed in Dart Sass 3.0.0.[39m[22m
<w> [1m[33mUse map.has-key instead.[39m[22m
<w> [1m[33m[39m[22m
<w> [1m[33mMore info and automated migrator: https://sass-lang.com/d/import[39m[22m
<w> [1m[33m[39m[22m
<w> [1m[33msrc\assets\scss\helper\_media-queries.scss 17:7  media-min()[39m[22m
<w> [1m[33msrc\assets\scss\views\guest\_guest.scss 1521:9   @import[39m[22m
<w> [1m[33msrc\assets\scss\main.scss 23:9                   root stylesheet[39m[22m
<w> [1m[33m[39m[22m
<w> [1m[33mDeprecation Global built-in functions are deprecated and will be removed in Dart Sass 3.0.0.[39m[22m
<w> [1m[33mUse map.get instead.[39m[22m
<w> [1m[33m[39m[22m
<w> [1m[33mMore info and automated migrator: https://sass-lang.com/d/import[39m[22m
<w> [1m[33m[39m[22m
<w> [1m[33msrc\assets\scss\helper\_media-queries.scss 19:24  media-min()[39m[22m
<w> [1m[33msrc\assets\scss\views\guest\_guest.scss 1521:9    @import[39m[22m
<w> [1m[33msrc\assets\scss\main.scss 23:9                    root stylesheet[39m[22m
<w> [1m[33m[39m[22m
<w> [1m[33m21 repetitive deprecation warnings omitted.[39m[22m
<w> [1m[33m[39m[22m
<w> [1m[33mnull[39m[22m

webpack compiled [1m[32msuccessfully[39m[22m
Compiling...
Compiled successfully!
[1mLOG from ./node_modules/sass-loader/dist/cjs.js sass-loader ./node_modules/css-loader/dist/cjs.js??ruleSet[1].rules[1].oneOf[7].use[1]!./node_modules/postcss-loader/dist/cjs.js??ruleSet[1].rules[1].oneOf[7].use[2]!./node_modules/resolve-url-loader/index.js??ruleSet[1].rules[1].oneOf[7].use[3]!./node_modules/sass-loader/dist/cjs.js??ruleSet[1].rules[1].oneOf[7].use[4]!./src/assets/scss/main.scss[39m[22m
<w> [1m[33mDeprecation The legacy JS API is deprecated and will be removed in Dart Sass 2.0.0.[39m[22m
<w> [1m[33m[39m[22m
<w> [1m[33mMore info: https://sass-lang.com/d/legacy-js-api[39m[22m
<w> [1m[33m[39m[22m
<w> [1m[33mnull[39m[22m
<w> [1m[33mDeprecation Sass @import rules are deprecated and will be removed in Dart Sass 3.0.0.[39m[22m
<w> [1m[33m[39m[22m
<w> [1m[33mMore info and automated migrator: https://sass-lang.com/d/import[39m[22m
<w> [1m[33m[39m[22m
<w> [1m[33msrc\assets\scss\main.scss 2:9  root stylesheet[39m[22m
<w> [1m[33m[39m[22m
<w> [1m[33mDeprecation Sass @import rules are deprecated and will be removed in Dart Sass 3.0.0.[39m[22m
<w> [1m[33m[39m[22m
<w> [1m[33mMore info and automated migrator: https://sass-lang.com/d/import[39m[22m
<w> [1m[33m[39m[22m
<w> [1m[33msrc\assets\scss\main.scss 3:9  root stylesheet[39m[22m
<w> [1m[33m[39m[22m
<w> [1m[33mDeprecation Sass @import rules are deprecated and will be removed in Dart Sass 3.0.0.[39m[22m
<w> [1m[33m[39m[22m
<w> [1m[33mMore info and automated migrator: https://sass-lang.com/d/import[39m[22m
<w> [1m[33m[39m[22m
<w> [1m[33msrc\assets\scss\main.scss 4:9  root stylesheet[39m[22m
<w> [1m[33m[39m[22m
<w> [1m[33mDeprecation Sass @import rules are deprecated and will be removed in Dart Sass 3.0.0.[39m[22m
<w> [1m[33m[39m[22m
<w> [1m[33mMore info and automated migrator: https://sass-lang.com/d/import[39m[22m
<w> [1m[33m[39m[22m
<w> [1m[33msrc\assets\scss\main.scss 7:9  root stylesheet[39m[22m
<w> [1m[33m[39m[22m
<w> [1m[33mDeprecation Sass @import rules are deprecated and will be removed in Dart Sass 3.0.0.[39m[22m
<w> [1m[33m[39m[22m
<w> [1m[33mMore info and automated migrator: https://sass-lang.com/d/import[39m[22m
<w> [1m[33m[39m[22m
<w> [1m[33msrc\assets\scss\main.scss 8:9  root stylesheet[39m[22m
<w> [1m[33m[39m[22m
<w> [1m[33mDeprecation Global built-in functions are deprecated and will be removed in Dart Sass 3.0.0.[39m[22m
<w> [1m[33mUse map.has-key instead.[39m[22m
<w> [1m[33m[39m[22m
<w> [1m[33mMore info and automated migrator: https://sass-lang.com/d/import[39m[22m
<w> [1m[33m[39m[22m
<w> [1m[33msrc\assets\scss\helper\_media-queries.scss 2:7              media-max()[39m[22m
<w> [1m[33msrc\assets\scss\components\header\_header-public.scss 53:1  @import[39m[22m
<w> [1m[33msrc\assets\scss\main.scss 16:9                              root stylesheet[39m[22m
<w> [1m[33m[39m[22m
<w> [1m[33mDeprecation Global built-in functions are deprecated and will be removed in Dart Sass 3.0.0.[39m[22m
<w> [1m[33mUse map.get instead.[39m[22m
<w> [1m[33m[39m[22m
<w> [1m[33mMore info and automated migrator: https://sass-lang.com/d/import[39m[22m
<w> [1m[33m[39m[22m
<w> [1m[33msrc\assets\scss\helper\_media-queries.scss 4:24             media-max()[39m[22m
<w> [1m[33msrc\assets\scss\components\header\_header-public.scss 53:1  @import[39m[22m
<w> [1m[33msrc\assets\scss\main.scss 16:9                              root stylesheet[39m[22m
<w> [1m[33m[39m[22m
<w> [1m[33mDeprecation Global built-in functions are deprecated and will be removed in Dart Sass 3.0.0.[39m[22m
<w> [1m[33mUse map.has-key instead.[39m[22m
<w> [1m[33m[39m[22m
<w> [1m[33mMore info and automated migrator: https://sass-lang.com/d/import[39m[22m
<w> [1m[33m[39m[22m
<w> [1m[33msrc\assets\scss\helper\_media-queries.scss 17:7  media-min()[39m[22m
<w> [1m[33msrc\assets\scss\views\guest\_guest.scss 1521:9   @import[39m[22m
<w> [1m[33msrc\assets\scss\main.scss 23:9                   root stylesheet[39m[22m
<w> [1m[33m[39m[22m
<w> [1m[33mDeprecation Global built-in functions are deprecated and will be removed in Dart Sass 3.0.0.[39m[22m
<w> [1m[33mUse map.get instead.[39m[22m
<w> [1m[33m[39m[22m
<w> [1m[33mMore info and automated migrator: https://sass-lang.com/d/import[39m[22m
<w> [1m[33m[39m[22m
<w> [1m[33msrc\assets\scss\helper\_media-queries.scss 19:24  media-min()[39m[22m
<w> [1m[33msrc\assets\scss\views\guest\_guest.scss 1521:9    @import[39m[22m
<w> [1m[33msrc\assets\scss\main.scss 23:9                    root stylesheet[39m[22m
<w> [1m[33m[39m[22m
<w> [1m[33m21 repetitive deprecation warnings omitted.[39m[22m
<w> [1m[33m[39m[22m
<w> [1m[33mnull[39m[22m

webpack compiled [1m[32msuccessfully[39m[22m
Compiling...
Compiled successfully!
[1mLOG from ./node_modules/sass-loader/dist/cjs.js sass-loader ./node_modules/css-loader/dist/cjs.js??ruleSet[1].rules[1].oneOf[7].use[1]!./node_modules/postcss-loader/dist/cjs.js??ruleSet[1].rules[1].oneOf[7].use[2]!./node_modules/resolve-url-loader/index.js??ruleSet[1].rules[1].oneOf[7].use[3]!./node_modules/sass-loader/dist/cjs.js??ruleSet[1].rules[1].oneOf[7].use[4]!./src/assets/scss/main.scss[39m[22m
<w> [1m[33mDeprecation The legacy JS API is deprecated and will be removed in Dart Sass 2.0.0.[39m[22m
<w> [1m[33m[39m[22m
<w> [1m[33mMore info: https://sass-lang.com/d/legacy-js-api[39m[22m
<w> [1m[33m[39m[22m
<w> [1m[33mnull[39m[22m
<w> [1m[33mDeprecation Sass @import rules are deprecated and will be removed in Dart Sass 3.0.0.[39m[22m
<w> [1m[33m[39m[22m
<w> [1m[33mMore info and automated migrator: https://sass-lang.com/d/import[39m[22m
<w> [1m[33m[39m[22m
<w> [1m[33msrc\assets\scss\main.scss 2:9  root stylesheet[39m[22m
<w> [1m[33m[39m[22m
<w> [1m[33mDeprecation Sass @import rules are deprecated and will be removed in Dart Sass 3.0.0.[39m[22m
<w> [1m[33m[39m[22m
<w> [1m[33mMore info and automated migrator: https://sass-lang.com/d/import[39m[22m
<w> [1m[33m[39m[22m
<w> [1m[33msrc\assets\scss\main.scss 3:9  root stylesheet[39m[22m
<w> [1m[33m[39m[22m
<w> [1m[33mDeprecation Sass @import rules are deprecated and will be removed in Dart Sass 3.0.0.[39m[22m
<w> [1m[33m[39m[22m
<w> [1m[33mMore info and automated migrator: https://sass-lang.com/d/import[39m[22m
<w> [1m[33m[39m[22m
<w> [1m[33msrc\assets\scss\main.scss 4:9  root stylesheet[39m[22m
<w> [1m[33m[39m[22m
<w> [1m[33mDeprecation Sass @import rules are deprecated and will be removed in Dart Sass 3.0.0.[39m[22m
<w> [1m[33m[39m[22m
<w> [1m[33mMore info and automated migrator: https://sass-lang.com/d/import[39m[22m
<w> [1m[33m[39m[22m
<w> [1m[33msrc\assets\scss\main.scss 7:9  root stylesheet[39m[22m
<w> [1m[33m[39m[22m
<w> [1m[33mDeprecation Sass @import rules are deprecated and will be removed in Dart Sass 3.0.0.[39m[22m
<w> [1m[33m[39m[22m
<w> [1m[33mMore info and automated migrator: https://sass-lang.com/d/import[39m[22m
<w> [1m[33m[39m[22m
<w> [1m[33msrc\assets\scss\main.scss 8:9  root stylesheet[39m[22m
<w> [1m[33m[39m[22m
<w> [1m[33mDeprecation Global built-in functions are deprecated and will be removed in Dart Sass 3.0.0.[39m[22m
<w> [1m[33mUse map.has-key instead.[39m[22m
<w> [1m[33m[39m[22m
<w> [1m[33mMore info and automated migrator: https://sass-lang.com/d/import[39m[22m
<w> [1m[33m[39m[22m
<w> [1m[33msrc\assets\scss\helper\_media-queries.scss 2:7              media-max()[39m[22m
<w> [1m[33msrc\assets\scss\components\header\_header-public.scss 53:1  @import[39m[22m
<w> [1m[33msrc\assets\scss\main.scss 16:9                              root stylesheet[39m[22m
<w> [1m[33m[39m[22m
<w> [1m[33mDeprecation Global built-in functions are deprecated and will be removed in Dart Sass 3.0.0.[39m[22m
<w> [1m[33mUse map.get instead.[39m[22m
<w> [1m[33m[39m[22m
<w> [1m[33mMore info and automated migrator: https://sass-lang.com/d/import[39m[22m
<w> [1m[33m[39m[22m
<w> [1m[33msrc\assets\scss\helper\_media-queries.scss 4:24             media-max()[39m[22m
<w> [1m[33msrc\assets\scss\components\header\_header-public.scss 53:1  @import[39m[22m
<w> [1m[33msrc\assets\scss\main.scss 16:9                              root stylesheet[39m[22m
<w> [1m[33m[39m[22m
<w> [1m[33mDeprecation Global built-in functions are deprecated and will be removed in Dart Sass 3.0.0.[39m[22m
<w> [1m[33mUse map.has-key instead.[39m[22m
<w> [1m[33m[39m[22m
<w> [1m[33mMore info and automated migrator: https://sass-lang.com/d/import[39m[22m
<w> [1m[33m[39m[22m
<w> [1m[33msrc\assets\scss\helper\_media-queries.scss 17:7  media-min()[39m[22m
<w> [1m[33msrc\assets\scss\views\guest\_guest.scss 1522:9   @import[39m[22m
<w> [1m[33msrc\assets\scss\main.scss 23:9                   root stylesheet[39m[22m
<w> [1m[33m[39m[22m
<w> [1m[33mDeprecation Global built-in functions are deprecated and will be removed in Dart Sass 3.0.0.[39m[22m
<w> [1m[33mUse map.get instead.[39m[22m
<w> [1m[33m[39m[22m
<w> [1m[33mMore info and automated migrator: https://sass-lang.com/d/import[39m[22m
<w> [1m[33m[39m[22m
<w> [1m[33msrc\assets\scss\helper\_media-queries.scss 19:24  media-min()[39m[22m
<w> [1m[33msrc\assets\scss\views\guest\_guest.scss 1522:9    @import[39m[22m
<w> [1m[33msrc\assets\scss\main.scss 23:9                    root stylesheet[39m[22m
<w> [1m[33m[39m[22m
<w> [1m[33m21 repetitive deprecation warnings omitted.[39m[22m
<w> [1m[33m[39m[22m
<w> [1m[33mnull[39m[22m

webpack compiled [1m[32msuccessfully[39m[22m
Compiling...
Compiled successfully!
[1mLOG from ./node_modules/sass-loader/dist/cjs.js sass-loader ./node_modules/css-loader/dist/cjs.js??ruleSet[1].rules[1].oneOf[7].use[1]!./node_modules/postcss-loader/dist/cjs.js??ruleSet[1].rules[1].oneOf[7].use[2]!./node_modules/resolve-url-loader/index.js??ruleSet[1].rules[1].oneOf[7].use[3]!./node_modules/sass-loader/dist/cjs.js??ruleSet[1].rules[1].oneOf[7].use[4]!./src/assets/scss/main.scss[39m[22m
<w> [1m[33mDeprecation The legacy JS API is deprecated and will be removed in Dart Sass 2.0.0.[39m[22m
<w> [1m[33m[39m[22m
<w> [1m[33mMore info: https://sass-lang.com/d/legacy-js-api[39m[22m
<w> [1m[33m[39m[22m
<w> [1m[33mnull[39m[22m
<w> [1m[33mDeprecation Sass @import rules are deprecated and will be removed in Dart Sass 3.0.0.[39m[22m
<w> [1m[33m[39m[22m
<w> [1m[33mMore info and automated migrator: https://sass-lang.com/d/import[39m[22m
<w> [1m[33m[39m[22m
<w> [1m[33msrc\assets\scss\main.scss 2:9  root stylesheet[39m[22m
<w> [1m[33m[39m[22m
<w> [1m[33mDeprecation Sass @import rules are deprecated and will be removed in Dart Sass 3.0.0.[39m[22m
<w> [1m[33m[39m[22m
<w> [1m[33mMore info and automated migrator: https://sass-lang.com/d/import[39m[22m
<w> [1m[33m[39m[22m
<w> [1m[33msrc\assets\scss\main.scss 3:9  root stylesheet[39m[22m
<w> [1m[33m[39m[22m
<w> [1m[33mDeprecation Sass @import rules are deprecated and will be removed in Dart Sass 3.0.0.[39m[22m
<w> [1m[33m[39m[22m
<w> [1m[33mMore info and automated migrator: https://sass-lang.com/d/import[39m[22m
<w> [1m[33m[39m[22m
<w> [1m[33msrc\assets\scss\main.scss 4:9  root stylesheet[39m[22m
<w> [1m[33m[39m[22m
<w> [1m[33mDeprecation Sass @import rules are deprecated and will be removed in Dart Sass 3.0.0.[39m[22m
<w> [1m[33m[39m[22m
<w> [1m[33mMore info and automated migrator: https://sass-lang.com/d/import[39m[22m
<w> [1m[33m[39m[22m
<w> [1m[33msrc\assets\scss\main.scss 7:9  root stylesheet[39m[22m
<w> [1m[33m[39m[22m
<w> [1m[33mDeprecation Sass @import rules are deprecated and will be removed in Dart Sass 3.0.0.[39m[22m
<w> [1m[33m[39m[22m
<w> [1m[33mMore info and automated migrator: https://sass-lang.com/d/import[39m[22m
<w> [1m[33m[39m[22m
<w> [1m[33msrc\assets\scss\main.scss 8:9  root stylesheet[39m[22m
<w> [1m[33m[39m[22m
<w> [1m[33mDeprecation Global built-in functions are deprecated and will be removed in Dart Sass 3.0.0.[39m[22m
<w> [1m[33mUse map.has-key instead.[39m[22m
<w> [1m[33m[39m[22m
<w> [1m[33mMore info and automated migrator: https://sass-lang.com/d/import[39m[22m
<w> [1m[33m[39m[22m
<w> [1m[33msrc\assets\scss\helper\_media-queries.scss 2:7              media-max()[39m[22m
<w> [1m[33msrc\assets\scss\components\header\_header-public.scss 53:1  @import[39m[22m
<w> [1m[33msrc\assets\scss\main.scss 16:9                              root stylesheet[39m[22m
<w> [1m[33m[39m[22m
<w> [1m[33mDeprecation Global built-in functions are deprecated and will be removed in Dart Sass 3.0.0.[39m[22m
<w> [1m[33mUse map.get instead.[39m[22m
<w> [1m[33m[39m[22m
<w> [1m[33mMore info and automated migrator: https://sass-lang.com/d/import[39m[22m
<w> [1m[33m[39m[22m
<w> [1m[33msrc\assets\scss\helper\_media-queries.scss 4:24             media-max()[39m[22m
<w> [1m[33msrc\assets\scss\components\header\_header-public.scss 53:1  @import[39m[22m
<w> [1m[33msrc\assets\scss\main.scss 16:9                              root stylesheet[39m[22m
<w> [1m[33m[39m[22m
<w> [1m[33mDeprecation Global built-in functions are deprecated and will be removed in Dart Sass 3.0.0.[39m[22m
<w> [1m[33mUse map.has-key instead.[39m[22m
<w> [1m[33m[39m[22m
<w> [1m[33mMore info and automated migrator: https://sass-lang.com/d/import[39m[22m
<w> [1m[33m[39m[22m
<w> [1m[33msrc\assets\scss\helper\_media-queries.scss 17:7  media-min()[39m[22m
<w> [1m[33msrc\assets\scss\views\guest\_guest.scss 1533:9   @import[39m[22m
<w> [1m[33msrc\assets\scss\main.scss 23:9                   root stylesheet[39m[22m
<w> [1m[33m[39m[22m
<w> [1m[33mDeprecation Global built-in functions are deprecated and will be removed in Dart Sass 3.0.0.[39m[22m
<w> [1m[33mUse map.get instead.[39m[22m
<w> [1m[33m[39m[22m
<w> [1m[33mMore info and automated migrator: https://sass-lang.com/d/import[39m[22m
<w> [1m[33m[39m[22m
<w> [1m[33msrc\assets\scss\helper\_media-queries.scss 19:24  media-min()[39m[22m
<w> [1m[33msrc\assets\scss\views\guest\_guest.scss 1533:9    @import[39m[22m
<w> [1m[33msrc\assets\scss\main.scss 23:9                    root stylesheet[39m[22m
<w> [1m[33m[39m[22m
<w> [1m[33m21 repetitive deprecation warnings omitted.[39m[22m
<w> [1m[33m[39m[22m
<w> [1m[33mnull[39m[22m

webpack compiled [1m[32msuccessfully[39m[22m
Compiling...
Compiled successfully!
[1mLOG from ./node_modules/sass-loader/dist/cjs.js sass-loader ./node_modules/css-loader/dist/cjs.js??ruleSet[1].rules[1].oneOf[7].use[1]!./node_modules/postcss-loader/dist/cjs.js??ruleSet[1].rules[1].oneOf[7].use[2]!./node_modules/resolve-url-loader/index.js??ruleSet[1].rules[1].oneOf[7].use[3]!./node_modules/sass-loader/dist/cjs.js??ruleSet[1].rules[1].oneOf[7].use[4]!./src/assets/scss/main.scss[39m[22m
<w> [1m[33mDeprecation The legacy JS API is deprecated and will be removed in Dart Sass 2.0.0.[39m[22m
<w> [1m[33m[39m[22m
<w> [1m[33mMore info: https://sass-lang.com/d/legacy-js-api[39m[22m
<w> [1m[33m[39m[22m
<w> [1m[33mnull[39m[22m
<w> [1m[33mDeprecation Sass @import rules are deprecated and will be removed in Dart Sass 3.0.0.[39m[22m
<w> [1m[33m[39m[22m
<w> [1m[33mMore info and automated migrator: https://sass-lang.com/d/import[39m[22m
<w> [1m[33m[39m[22m
<w> [1m[33msrc\assets\scss\main.scss 2:9  root stylesheet[39m[22m
<w> [1m[33m[39m[22m
<w> [1m[33mDeprecation Sass @import rules are deprecated and will be removed in Dart Sass 3.0.0.[39m[22m
<w> [1m[33m[39m[22m
<w> [1m[33mMore info and automated migrator: https://sass-lang.com/d/import[39m[22m
<w> [1m[33m[39m[22m
<w> [1m[33msrc\assets\scss\main.scss 3:9  root stylesheet[39m[22m
<w> [1m[33m[39m[22m
<w> [1m[33mDeprecation Sass @import rules are deprecated and will be removed in Dart Sass 3.0.0.[39m[22m
<w> [1m[33m[39m[22m
<w> [1m[33mMore info and automated migrator: https://sass-lang.com/d/import[39m[22m
<w> [1m[33m[39m[22m
<w> [1m[33msrc\assets\scss\main.scss 4:9  root stylesheet[39m[22m
<w> [1m[33m[39m[22m
<w> [1m[33mDeprecation Sass @import rules are deprecated and will be removed in Dart Sass 3.0.0.[39m[22m
<w> [1m[33m[39m[22m
<w> [1m[33mMore info and automated migrator: https://sass-lang.com/d/import[39m[22m
<w> [1m[33m[39m[22m
<w> [1m[33msrc\assets\scss\main.scss 7:9  root stylesheet[39m[22m
<w> [1m[33m[39m[22m
<w> [1m[33mDeprecation Sass @import rules are deprecated and will be removed in Dart Sass 3.0.0.[39m[22m
<w> [1m[33m[39m[22m
<w> [1m[33mMore info and automated migrator: https://sass-lang.com/d/import[39m[22m
<w> [1m[33m[39m[22m
<w> [1m[33msrc\assets\scss\main.scss 8:9  root stylesheet[39m[22m
<w> [1m[33m[39m[22m
<w> [1m[33mDeprecation Global built-in functions are deprecated and will be removed in Dart Sass 3.0.0.[39m[22m
<w> [1m[33mUse map.has-key instead.[39m[22m
<w> [1m[33m[39m[22m
<w> [1m[33mMore info and automated migrator: https://sass-lang.com/d/import[39m[22m
<w> [1m[33m[39m[22m
<w> [1m[33msrc\assets\scss\helper\_media-queries.scss 2:7              media-max()[39m[22m
<w> [1m[33msrc\assets\scss\components\header\_header-public.scss 53:1  @import[39m[22m
<w> [1m[33msrc\assets\scss\main.scss 16:9                              root stylesheet[39m[22m
<w> [1m[33m[39m[22m
<w> [1m[33mDeprecation Global built-in functions are deprecated and will be removed in Dart Sass 3.0.0.[39m[22m
<w> [1m[33mUse map.get instead.[39m[22m
<w> [1m[33m[39m[22m
<w> [1m[33mMore info and automated migrator: https://sass-lang.com/d/import[39m[22m
<w> [1m[33m[39m[22m
<w> [1m[33msrc\assets\scss\helper\_media-queries.scss 4:24             media-max()[39m[22m
<w> [1m[33msrc\assets\scss\components\header\_header-public.scss 53:1  @import[39m[22m
<w> [1m[33msrc\assets\scss\main.scss 16:9                              root stylesheet[39m[22m
<w> [1m[33m[39m[22m
<w> [1m[33mDeprecation Global built-in functions are deprecated and will be removed in Dart Sass 3.0.0.[39m[22m
<w> [1m[33mUse map.has-key instead.[39m[22m
<w> [1m[33m[39m[22m
<w> [1m[33mMore info and automated migrator: https://sass-lang.com/d/import[39m[22m
<w> [1m[33m[39m[22m
<w> [1m[33msrc\assets\scss\helper\_media-queries.scss 17:7  media-min()[39m[22m
<w> [1m[33msrc\assets\scss\views\guest\_guest.scss 1542:9   @import[39m[22m
<w> [1m[33msrc\assets\scss\main.scss 23:9                   root stylesheet[39m[22m
<w> [1m[33m[39m[22m
<w> [1m[33mDeprecation Global built-in functions are deprecated and will be removed in Dart Sass 3.0.0.[39m[22m
<w> [1m[33mUse map.get instead.[39m[22m
<w> [1m[33m[39m[22m
<w> [1m[33mMore info and automated migrator: https://sass-lang.com/d/import[39m[22m
<w> [1m[33m[39m[22m
<w> [1m[33msrc\assets\scss\helper\_media-queries.scss 19:24  media-min()[39m[22m
<w> [1m[33msrc\assets\scss\views\guest\_guest.scss 1542:9    @import[39m[22m
<w> [1m[33msrc\assets\scss\main.scss 23:9                    root stylesheet[39m[22m
<w> [1m[33m[39m[22m
<w> [1m[33m21 repetitive deprecation warnings omitted.[39m[22m
<w> [1m[33m[39m[22m
<w> [1m[33mnull[39m[22m

webpack compiled [1m[32msuccessfully[39m[22m
Compiling...
Compiled successfully!
[1mLOG from ./node_modules/sass-loader/dist/cjs.js sass-loader ./node_modules/css-loader/dist/cjs.js??ruleSet[1].rules[1].oneOf[7].use[1]!./node_modules/postcss-loader/dist/cjs.js??ruleSet[1].rules[1].oneOf[7].use[2]!./node_modules/resolve-url-loader/index.js??ruleSet[1].rules[1].oneOf[7].use[3]!./node_modules/sass-loader/dist/cjs.js??ruleSet[1].rules[1].oneOf[7].use[4]!./src/assets/scss/main.scss[39m[22m
<w> [1m[33mDeprecation The legacy JS API is deprecated and will be removed in Dart Sass 2.0.0.[39m[22m
<w> [1m[33m[39m[22m
<w> [1m[33mMore info: https://sass-lang.com/d/legacy-js-api[39m[22m
<w> [1m[33m[39m[22m
<w> [1m[33mnull[39m[22m
<w> [1m[33mDeprecation Sass @import rules are deprecated and will be removed in Dart Sass 3.0.0.[39m[22m
<w> [1m[33m[39m[22m
<w> [1m[33mMore info and automated migrator: https://sass-lang.com/d/import[39m[22m
<w> [1m[33m[39m[22m
<w> [1m[33msrc\assets\scss\main.scss 2:9  root stylesheet[39m[22m
<w> [1m[33m[39m[22m
<w> [1m[33mDeprecation Sass @import rules are deprecated and will be removed in Dart Sass 3.0.0.[39m[22m
<w> [1m[33m[39m[22m
<w> [1m[33mMore info and automated migrator: https://sass-lang.com/d/import[39m[22m
<w> [1m[33m[39m[22m
<w> [1m[33msrc\assets\scss\main.scss 3:9  root stylesheet[39m[22m
<w> [1m[33m[39m[22m
<w> [1m[33mDeprecation Sass @import rules are deprecated and will be removed in Dart Sass 3.0.0.[39m[22m
<w> [1m[33m[39m[22m
<w> [1m[33mMore info and automated migrator: https://sass-lang.com/d/import[39m[22m
<w> [1m[33m[39m[22m
<w> [1m[33msrc\assets\scss\main.scss 4:9  root stylesheet[39m[22m
<w> [1m[33m[39m[22m
<w> [1m[33mDeprecation Sass @import rules are deprecated and will be removed in Dart Sass 3.0.0.[39m[22m
<w> [1m[33m[39m[22m
<w> [1m[33mMore info and automated migrator: https://sass-lang.com/d/import[39m[22m
<w> [1m[33m[39m[22m
<w> [1m[33msrc\assets\scss\main.scss 7:9  root stylesheet[39m[22m
<w> [1m[33m[39m[22m
<w> [1m[33mDeprecation Sass @import rules are deprecated and will be removed in Dart Sass 3.0.0.[39m[22m
<w> [1m[33m[39m[22m
<w> [1m[33mMore info and automated migrator: https://sass-lang.com/d/import[39m[22m
<w> [1m[33m[39m[22m
<w> [1m[33msrc\assets\scss\main.scss 8:9  root stylesheet[39m[22m
<w> [1m[33m[39m[22m
<w> [1m[33mDeprecation Global built-in functions are deprecated and will be removed in Dart Sass 3.0.0.[39m[22m
<w> [1m[33mUse map.has-key instead.[39m[22m
<w> [1m[33m[39m[22m
<w> [1m[33mMore info and automated migrator: https://sass-lang.com/d/import[39m[22m
<w> [1m[33m[39m[22m
<w> [1m[33msrc\assets\scss\helper\_media-queries.scss 2:7              media-max()[39m[22m
<w> [1m[33msrc\assets\scss\components\header\_header-public.scss 53:1  @import[39m[22m
<w> [1m[33msrc\assets\scss\main.scss 16:9                              root stylesheet[39m[22m
<w> [1m[33m[39m[22m
<w> [1m[33mDeprecation Global built-in functions are deprecated and will be removed in Dart Sass 3.0.0.[39m[22m
<w> [1m[33mUse map.get instead.[39m[22m
<w> [1m[33m[39m[22m
<w> [1m[33mMore info and automated migrator: https://sass-lang.com/d/import[39m[22m
<w> [1m[33m[39m[22m
<w> [1m[33msrc\assets\scss\helper\_media-queries.scss 4:24             media-max()[39m[22m
<w> [1m[33msrc\assets\scss\components\header\_header-public.scss 53:1  @import[39m[22m
<w> [1m[33msrc\assets\scss\main.scss 16:9                              root stylesheet[39m[22m
<w> [1m[33m[39m[22m
<w> [1m[33mDeprecation Global built-in functions are deprecated and will be removed in Dart Sass 3.0.0.[39m[22m
<w> [1m[33mUse map.has-key instead.[39m[22m
<w> [1m[33m[39m[22m
<w> [1m[33mMore info and automated migrator: https://sass-lang.com/d/import[39m[22m
<w> [1m[33m[39m[22m
<w> [1m[33msrc\assets\scss\helper\_media-queries.scss 17:7  media-min()[39m[22m
<w> [1m[33msrc\assets\scss\views\guest\_guest.scss 1532:9   @import[39m[22m
<w> [1m[33msrc\assets\scss\main.scss 23:9                   root stylesheet[39m[22m
<w> [1m[33m[39m[22m
<w> [1m[33mDeprecation Global built-in functions are deprecated and will be removed in Dart Sass 3.0.0.[39m[22m
<w> [1m[33mUse map.get instead.[39m[22m
<w> [1m[33m[39m[22m
<w> [1m[33mMore info and automated migrator: https://sass-lang.com/d/import[39m[22m
<w> [1m[33m[39m[22m
<w> [1m[33msrc\assets\scss\helper\_media-queries.scss 19:24  media-min()[39m[22m
<w> [1m[33msrc\assets\scss\views\guest\_guest.scss 1532:9    @import[39m[22m
<w> [1m[33msrc\assets\scss\main.scss 23:9                    root stylesheet[39m[22m
<w> [1m[33m[39m[22m
<w> [1m[33m21 repetitive deprecation warnings omitted.[39m[22m
<w> [1m[33m[39m[22m
<w> [1m[33mnull[39m[22m

webpack compiled [1m[32msuccessfully[39m[22m
Compiling...
Compiled successfully!
[1mLOG from ./node_modules/sass-loader/dist/cjs.js sass-loader ./node_modules/css-loader/dist/cjs.js??ruleSet[1].rules[1].oneOf[7].use[1]!./node_modules/postcss-loader/dist/cjs.js??ruleSet[1].rules[1].oneOf[7].use[2]!./node_modules/resolve-url-loader/index.js??ruleSet[1].rules[1].oneOf[7].use[3]!./node_modules/sass-loader/dist/cjs.js??ruleSet[1].rules[1].oneOf[7].use[4]!./src/assets/scss/main.scss[39m[22m
<w> [1m[33mDeprecation The legacy JS API is deprecated and will be removed in Dart Sass 2.0.0.[39m[22m
<w> [1m[33m[39m[22m
<w> [1m[33mMore info: https://sass-lang.com/d/legacy-js-api[39m[22m
<w> [1m[33m[39m[22m
<w> [1m[33mnull[39m[22m
<w> [1m[33mDeprecation Sass @import rules are deprecated and will be removed in Dart Sass 3.0.0.[39m[22m
<w> [1m[33m[39m[22m
<w> [1m[33mMore info and automated migrator: https://sass-lang.com/d/import[39m[22m
<w> [1m[33m[39m[22m
<w> [1m[33msrc\assets\scss\main.scss 2:9  root stylesheet[39m[22m
<w> [1m[33m[39m[22m
<w> [1m[33mDeprecation Sass @import rules are deprecated and will be removed in Dart Sass 3.0.0.[39m[22m
<w> [1m[33m[39m[22m
<w> [1m[33mMore info and automated migrator: https://sass-lang.com/d/import[39m[22m
<w> [1m[33m[39m[22m
<w> [1m[33msrc\assets\scss\main.scss 3:9  root stylesheet[39m[22m
<w> [1m[33m[39m[22m
<w> [1m[33mDeprecation Sass @import rules are deprecated and will be removed in Dart Sass 3.0.0.[39m[22m
<w> [1m[33m[39m[22m
<w> [1m[33mMore info and automated migrator: https://sass-lang.com/d/import[39m[22m
<w> [1m[33m[39m[22m
<w> [1m[33msrc\assets\scss\main.scss 4:9  root stylesheet[39m[22m
<w> [1m[33m[39m[22m
<w> [1m[33mDeprecation Sass @import rules are deprecated and will be removed in Dart Sass 3.0.0.[39m[22m
<w> [1m[33m[39m[22m
<w> [1m[33mMore info and automated migrator: https://sass-lang.com/d/import[39m[22m
<w> [1m[33m[39m[22m
<w> [1m[33msrc\assets\scss\main.scss 7:9  root stylesheet[39m[22m
<w> [1m[33m[39m[22m
<w> [1m[33mDeprecation Sass @import rules are deprecated and will be removed in Dart Sass 3.0.0.[39m[22m
<w> [1m[33m[39m[22m
<w> [1m[33mMore info and automated migrator: https://sass-lang.com/d/import[39m[22m
<w> [1m[33m[39m[22m
<w> [1m[33msrc\assets\scss\main.scss 8:9  root stylesheet[39m[22m
<w> [1m[33m[39m[22m
<w> [1m[33mDeprecation Global built-in functions are deprecated and will be removed in Dart Sass 3.0.0.[39m[22m
<w> [1m[33mUse map.has-key instead.[39m[22m
<w> [1m[33m[39m[22m
<w> [1m[33mMore info and automated migrator: https://sass-lang.com/d/import[39m[22m
<w> [1m[33m[39m[22m
<w> [1m[33msrc\assets\scss\helper\_media-queries.scss 2:7              media-max()[39m[22m
<w> [1m[33msrc\assets\scss\components\header\_header-public.scss 53:1  @import[39m[22m
<w> [1m[33msrc\assets\scss\main.scss 16:9                              root stylesheet[39m[22m
<w> [1m[33m[39m[22m
<w> [1m[33mDeprecation Global built-in functions are deprecated and will be removed in Dart Sass 3.0.0.[39m[22m
<w> [1m[33mUse map.get instead.[39m[22m
<w> [1m[33m[39m[22m
<w> [1m[33mMore info and automated migrator: https://sass-lang.com/d/import[39m[22m
<w> [1m[33m[39m[22m
<w> [1m[33msrc\assets\scss\helper\_media-queries.scss 4:24             media-max()[39m[22m
<w> [1m[33msrc\assets\scss\components\header\_header-public.scss 53:1  @import[39m[22m
<w> [1m[33msrc\assets\scss\main.scss 16:9                              root stylesheet[39m[22m
<w> [1m[33m[39m[22m
<w> [1m[33mDeprecation Global built-in functions are deprecated and will be removed in Dart Sass 3.0.0.[39m[22m
<w> [1m[33mUse map.has-key instead.[39m[22m
<w> [1m[33m[39m[22m
<w> [1m[33mMore info and automated migrator: https://sass-lang.com/d/import[39m[22m
<w> [1m[33m[39m[22m
<w> [1m[33msrc\assets\scss\helper\_media-queries.scss 17:7  media-min()[39m[22m
<w> [1m[33msrc\assets\scss\views\guest\_guest.scss 1529:9   @import[39m[22m
<w> [1m[33msrc\assets\scss\main.scss 23:9                   root stylesheet[39m[22m
<w> [1m[33m[39m[22m
<w> [1m[33mDeprecation Global built-in functions are deprecated and will be removed in Dart Sass 3.0.0.[39m[22m
<w> [1m[33mUse map.get instead.[39m[22m
<w> [1m[33m[39m[22m
<w> [1m[33mMore info and automated migrator: https://sass-lang.com/d/import[39m[22m
<w> [1m[33m[39m[22m
<w> [1m[33msrc\assets\scss\helper\_media-queries.scss 19:24  media-min()[39m[22m
<w> [1m[33msrc\assets\scss\views\guest\_guest.scss 1529:9    @import[39m[22m
<w> [1m[33msrc\assets\scss\main.scss 23:9                    root stylesheet[39m[22m
<w> [1m[33m[39m[22m
<w> [1m[33m21 repetitive deprecation warnings omitted.[39m[22m
<w> [1m[33m[39m[22m
<w> [1m[33mnull[39m[22m

webpack compiled [1m[32msuccessfully[39m[22m
Compiling...
Compiled successfully!
[1mLOG from ./node_modules/sass-loader/dist/cjs.js sass-loader ./node_modules/css-loader/dist/cjs.js??ruleSet[1].rules[1].oneOf[7].use[1]!./node_modules/postcss-loader/dist/cjs.js??ruleSet[1].rules[1].oneOf[7].use[2]!./node_modules/resolve-url-loader/index.js??ruleSet[1].rules[1].oneOf[7].use[3]!./node_modules/sass-loader/dist/cjs.js??ruleSet[1].rules[1].oneOf[7].use[4]!./src/assets/scss/main.scss[39m[22m
<w> [1m[33mDeprecation The legacy JS API is deprecated and will be removed in Dart Sass 2.0.0.[39m[22m
<w> [1m[33m[39m[22m
<w> [1m[33mMore info: https://sass-lang.com/d/legacy-js-api[39m[22m
<w> [1m[33m[39m[22m
<w> [1m[33mnull[39m[22m
<w> [1m[33mDeprecation Sass @import rules are deprecated and will be removed in Dart Sass 3.0.0.[39m[22m
<w> [1m[33m[39m[22m
<w> [1m[33mMore info and automated migrator: https://sass-lang.com/d/import[39m[22m
<w> [1m[33m[39m[22m
<w> [1m[33msrc\assets\scss\main.scss 2:9  root stylesheet[39m[22m
<w> [1m[33m[39m[22m
<w> [1m[33mDeprecation Sass @import rules are deprecated and will be removed in Dart Sass 3.0.0.[39m[22m
<w> [1m[33m[39m[22m
<w> [1m[33mMore info and automated migrator: https://sass-lang.com/d/import[39m[22m
<w> [1m[33m[39m[22m
<w> [1m[33msrc\assets\scss\main.scss 3:9  root stylesheet[39m[22m
<w> [1m[33m[39m[22m
<w> [1m[33mDeprecation Sass @import rules are deprecated and will be removed in Dart Sass 3.0.0.[39m[22m
<w> [1m[33m[39m[22m
<w> [1m[33mMore info and automated migrator: https://sass-lang.com/d/import[39m[22m
<w> [1m[33m[39m[22m
<w> [1m[33msrc\assets\scss\main.scss 4:9  root stylesheet[39m[22m
<w> [1m[33m[39m[22m
<w> [1m[33mDeprecation Sass @import rules are deprecated and will be removed in Dart Sass 3.0.0.[39m[22m
<w> [1m[33m[39m[22m
<w> [1m[33mMore info and automated migrator: https://sass-lang.com/d/import[39m[22m
<w> [1m[33m[39m[22m
<w> [1m[33msrc\assets\scss\main.scss 7:9  root stylesheet[39m[22m
<w> [1m[33m[39m[22m
<w> [1m[33mDeprecation Sass @import rules are deprecated and will be removed in Dart Sass 3.0.0.[39m[22m
<w> [1m[33m[39m[22m
<w> [1m[33mMore info and automated migrator: https://sass-lang.com/d/import[39m[22m
<w> [1m[33m[39m[22m
<w> [1m[33msrc\assets\scss\main.scss 8:9  root stylesheet[39m[22m
<w> [1m[33m[39m[22m
<w> [1m[33mDeprecation Global built-in functions are deprecated and will be removed in Dart Sass 3.0.0.[39m[22m
<w> [1m[33mUse map.has-key instead.[39m[22m
<w> [1m[33m[39m[22m
<w> [1m[33mMore info and automated migrator: https://sass-lang.com/d/import[39m[22m
<w> [1m[33m[39m[22m
<w> [1m[33msrc\assets\scss\helper\_media-queries.scss 2:7              media-max()[39m[22m
<w> [1m[33msrc\assets\scss\components\header\_header-public.scss 53:1  @import[39m[22m
<w> [1m[33msrc\assets\scss\main.scss 16:9                              root stylesheet[39m[22m
<w> [1m[33m[39m[22m
<w> [1m[33mDeprecation Global built-in functions are deprecated and will be removed in Dart Sass 3.0.0.[39m[22m
<w> [1m[33mUse map.get instead.[39m[22m
<w> [1m[33m[39m[22m
<w> [1m[33mMore info and automated migrator: https://sass-lang.com/d/import[39m[22m
<w> [1m[33m[39m[22m
<w> [1m[33msrc\assets\scss\helper\_media-queries.scss 4:24             media-max()[39m[22m
<w> [1m[33msrc\assets\scss\components\header\_header-public.scss 53:1  @import[39m[22m
<w> [1m[33msrc\assets\scss\main.scss 16:9                              root stylesheet[39m[22m
<w> [1m[33m[39m[22m
<w> [1m[33mDeprecation Global built-in functions are deprecated and will be removed in Dart Sass 3.0.0.[39m[22m
<w> [1m[33mUse map.has-key instead.[39m[22m
<w> [1m[33m[39m[22m
<w> [1m[33mMore info and automated migrator: https://sass-lang.com/d/import[39m[22m
<w> [1m[33m[39m[22m
<w> [1m[33msrc\assets\scss\helper\_media-queries.scss 17:7  media-min()[39m[22m
<w> [1m[33msrc\assets\scss\views\guest\_guest.scss 1529:9   @import[39m[22m
<w> [1m[33msrc\assets\scss\main.scss 23:9                   root stylesheet[39m[22m
<w> [1m[33m[39m[22m
<w> [1m[33mDeprecation Global built-in functions are deprecated and will be removed in Dart Sass 3.0.0.[39m[22m
<w> [1m[33mUse map.get instead.[39m[22m
<w> [1m[33m[39m[22m
<w> [1m[33mMore info and automated migrator: https://sass-lang.com/d/import[39m[22m
<w> [1m[33m[39m[22m
<w> [1m[33msrc\assets\scss\helper\_media-queries.scss 19:24  media-min()[39m[22m
<w> [1m[33msrc\assets\scss\views\guest\_guest.scss 1529:9    @import[39m[22m
<w> [1m[33msrc\assets\scss\main.scss 23:9                    root stylesheet[39m[22m
<w> [1m[33m[39m[22m
<w> [1m[33m21 repetitive deprecation warnings omitted.[39m[22m
<w> [1m[33m[39m[22m
<w> [1m[33mnull[39m[22m

webpack compiled [1m[32msuccessfully[39m[22m
Compiling...
Compiled successfully!
[1mLOG from ./node_modules/sass-loader/dist/cjs.js sass-loader ./node_modules/css-loader/dist/cjs.js??ruleSet[1].rules[1].oneOf[7].use[1]!./node_modules/postcss-loader/dist/cjs.js??ruleSet[1].rules[1].oneOf[7].use[2]!./node_modules/resolve-url-loader/index.js??ruleSet[1].rules[1].oneOf[7].use[3]!./node_modules/sass-loader/dist/cjs.js??ruleSet[1].rules[1].oneOf[7].use[4]!./src/assets/scss/main.scss[39m[22m
<w> [1m[33mDeprecation The legacy JS API is deprecated and will be removed in Dart Sass 2.0.0.[39m[22m
<w> [1m[33m[39m[22m
<w> [1m[33mMore info: https://sass-lang.com/d/legacy-js-api[39m[22m
<w> [1m[33m[39m[22m
<w> [1m[33mnull[39m[22m
<w> [1m[33mDeprecation Sass @import rules are deprecated and will be removed in Dart Sass 3.0.0.[39m[22m
<w> [1m[33m[39m[22m
<w> [1m[33mMore info and automated migrator: https://sass-lang.com/d/import[39m[22m
<w> [1m[33m[39m[22m
<w> [1m[33msrc\assets\scss\main.scss 2:9  root stylesheet[39m[22m
<w> [1m[33m[39m[22m
<w> [1m[33mDeprecation Sass @import rules are deprecated and will be removed in Dart Sass 3.0.0.[39m[22m
<w> [1m[33m[39m[22m
<w> [1m[33mMore info and automated migrator: https://sass-lang.com/d/import[39m[22m
<w> [1m[33m[39m[22m
<w> [1m[33msrc\assets\scss\main.scss 3:9  root stylesheet[39m[22m
<w> [1m[33m[39m[22m
<w> [1m[33mDeprecation Sass @import rules are deprecated and will be removed in Dart Sass 3.0.0.[39m[22m
<w> [1m[33m[39m[22m
<w> [1m[33mMore info and automated migrator: https://sass-lang.com/d/import[39m[22m
<w> [1m[33m[39m[22m
<w> [1m[33msrc\assets\scss\main.scss 4:9  root stylesheet[39m[22m
<w> [1m[33m[39m[22m
<w> [1m[33mDeprecation Sass @import rules are deprecated and will be removed in Dart Sass 3.0.0.[39m[22m
<w> [1m[33m[39m[22m
<w> [1m[33mMore info and automated migrator: https://sass-lang.com/d/import[39m[22m
<w> [1m[33m[39m[22m
<w> [1m[33msrc\assets\scss\main.scss 7:9  root stylesheet[39m[22m
<w> [1m[33m[39m[22m
<w> [1m[33mDeprecation Sass @import rules are deprecated and will be removed in Dart Sass 3.0.0.[39m[22m
<w> [1m[33m[39m[22m
<w> [1m[33mMore info and automated migrator: https://sass-lang.com/d/import[39m[22m
<w> [1m[33m[39m[22m
<w> [1m[33msrc\assets\scss\main.scss 8:9  root stylesheet[39m[22m
<w> [1m[33m[39m[22m
<w> [1m[33mDeprecation Global built-in functions are deprecated and will be removed in Dart Sass 3.0.0.[39m[22m
<w> [1m[33mUse map.has-key instead.[39m[22m
<w> [1m[33m[39m[22m
<w> [1m[33mMore info and automated migrator: https://sass-lang.com/d/import[39m[22m
<w> [1m[33m[39m[22m
<w> [1m[33msrc\assets\scss\helper\_media-queries.scss 2:7              media-max()[39m[22m
<w> [1m[33msrc\assets\scss\components\header\_header-public.scss 53:1  @import[39m[22m
<w> [1m[33msrc\assets\scss\main.scss 16:9                              root stylesheet[39m[22m
<w> [1m[33m[39m[22m
<w> [1m[33mDeprecation Global built-in functions are deprecated and will be removed in Dart Sass 3.0.0.[39m[22m
<w> [1m[33mUse map.get instead.[39m[22m
<w> [1m[33m[39m[22m
<w> [1m[33mMore info and automated migrator: https://sass-lang.com/d/import[39m[22m
<w> [1m[33m[39m[22m
<w> [1m[33msrc\assets\scss\helper\_media-queries.scss 4:24             media-max()[39m[22m
<w> [1m[33msrc\assets\scss\components\header\_header-public.scss 53:1  @import[39m[22m
<w> [1m[33msrc\assets\scss\main.scss 16:9                              root stylesheet[39m[22m
<w> [1m[33m[39m[22m
<w> [1m[33mDeprecation Global built-in functions are deprecated and will be removed in Dart Sass 3.0.0.[39m[22m
<w> [1m[33mUse map.has-key instead.[39m[22m
<w> [1m[33m[39m[22m
<w> [1m[33mMore info and automated migrator: https://sass-lang.com/d/import[39m[22m
<w> [1m[33m[39m[22m
<w> [1m[33msrc\assets\scss\helper\_media-queries.scss 17:7  media-min()[39m[22m
<w> [1m[33msrc\assets\scss\views\guest\_guest.scss 1531:9   @import[39m[22m
<w> [1m[33msrc\assets\scss\main.scss 23:9                   root stylesheet[39m[22m
<w> [1m[33m[39m[22m
<w> [1m[33mDeprecation Global built-in functions are deprecated and will be removed in Dart Sass 3.0.0.[39m[22m
<w> [1m[33mUse map.get instead.[39m[22m
<w> [1m[33m[39m[22m
<w> [1m[33mMore info and automated migrator: https://sass-lang.com/d/import[39m[22m
<w> [1m[33m[39m[22m
<w> [1m[33msrc\assets\scss\helper\_media-queries.scss 19:24  media-min()[39m[22m
<w> [1m[33msrc\assets\scss\views\guest\_guest.scss 1531:9    @import[39m[22m
<w> [1m[33msrc\assets\scss\main.scss 23:9                    root stylesheet[39m[22m
<w> [1m[33m[39m[22m
<w> [1m[33m21 repetitive deprecation warnings omitted.[39m[22m
<w> [1m[33m[39m[22m
<w> [1m[33mnull[39m[22m

webpack compiled [1m[32msuccessfully[39m[22m
Compiling...
Compiled successfully!
[1mLOG from ./node_modules/sass-loader/dist/cjs.js sass-loader ./node_modules/css-loader/dist/cjs.js??ruleSet[1].rules[1].oneOf[7].use[1]!./node_modules/postcss-loader/dist/cjs.js??ruleSet[1].rules[1].oneOf[7].use[2]!./node_modules/resolve-url-loader/index.js??ruleSet[1].rules[1].oneOf[7].use[3]!./node_modules/sass-loader/dist/cjs.js??ruleSet[1].rules[1].oneOf[7].use[4]!./src/assets/scss/main.scss[39m[22m
<w> [1m[33mDeprecation The legacy JS API is deprecated and will be removed in Dart Sass 2.0.0.[39m[22m
<w> [1m[33m[39m[22m
<w> [1m[33mMore info: https://sass-lang.com/d/legacy-js-api[39m[22m
<w> [1m[33m[39m[22m
<w> [1m[33mnull[39m[22m
<w> [1m[33mDeprecation Sass @import rules are deprecated and will be removed in Dart Sass 3.0.0.[39m[22m
<w> [1m[33m[39m[22m
<w> [1m[33mMore info and automated migrator: https://sass-lang.com/d/import[39m[22m
<w> [1m[33m[39m[22m
<w> [1m[33msrc\assets\scss\main.scss 2:9  root stylesheet[39m[22m
<w> [1m[33m[39m[22m
<w> [1m[33mDeprecation Sass @import rules are deprecated and will be removed in Dart Sass 3.0.0.[39m[22m
<w> [1m[33m[39m[22m
<w> [1m[33mMore info and automated migrator: https://sass-lang.com/d/import[39m[22m
<w> [1m[33m[39m[22m
<w> [1m[33msrc\assets\scss\main.scss 3:9  root stylesheet[39m[22m
<w> [1m[33m[39m[22m
<w> [1m[33mDeprecation Sass @import rules are deprecated and will be removed in Dart Sass 3.0.0.[39m[22m
<w> [1m[33m[39m[22m
<w> [1m[33mMore info and automated migrator: https://sass-lang.com/d/import[39m[22m
<w> [1m[33m[39m[22m
<w> [1m[33msrc\assets\scss\main.scss 4:9  root stylesheet[39m[22m
<w> [1m[33m[39m[22m
<w> [1m[33mDeprecation Sass @import rules are deprecated and will be removed in Dart Sass 3.0.0.[39m[22m
<w> [1m[33m[39m[22m
<w> [1m[33mMore info and automated migrator: https://sass-lang.com/d/import[39m[22m
<w> [1m[33m[39m[22m
<w> [1m[33msrc\assets\scss\main.scss 7:9  root stylesheet[39m[22m
<w> [1m[33m[39m[22m
<w> [1m[33mDeprecation Sass @import rules are deprecated and will be removed in Dart Sass 3.0.0.[39m[22m
<w> [1m[33m[39m[22m
<w> [1m[33mMore info and automated migrator: https://sass-lang.com/d/import[39m[22m
<w> [1m[33m[39m[22m
<w> [1m[33msrc\assets\scss\main.scss 8:9  root stylesheet[39m[22m
<w> [1m[33m[39m[22m
<w> [1m[33mDeprecation Global built-in functions are deprecated and will be removed in Dart Sass 3.0.0.[39m[22m
<w> [1m[33mUse map.has-key instead.[39m[22m
<w> [1m[33m[39m[22m
<w> [1m[33mMore info and automated migrator: https://sass-lang.com/d/import[39m[22m
<w> [1m[33m[39m[22m
<w> [1m[33msrc\assets\scss\helper\_media-queries.scss 2:7              media-max()[39m[22m
<w> [1m[33msrc\assets\scss\components\header\_header-public.scss 53:1  @import[39m[22m
<w> [1m[33msrc\assets\scss\main.scss 16:9                              root stylesheet[39m[22m
<w> [1m[33m[39m[22m
<w> [1m[33mDeprecation Global built-in functions are deprecated and will be removed in Dart Sass 3.0.0.[39m[22m
<w> [1m[33mUse map.get instead.[39m[22m
<w> [1m[33m[39m[22m
<w> [1m[33mMore info and automated migrator: https://sass-lang.com/d/import[39m[22m
<w> [1m[33m[39m[22m
<w> [1m[33msrc\assets\scss\helper\_media-queries.scss 4:24             media-max()[39m[22m
<w> [1m[33msrc\assets\scss\components\header\_header-public.scss 53:1  @import[39m[22m
<w> [1m[33msrc\assets\scss\main.scss 16:9                              root stylesheet[39m[22m
<w> [1m[33m[39m[22m
<w> [1m[33mDeprecation Global built-in functions are deprecated and will be removed in Dart Sass 3.0.0.[39m[22m
<w> [1m[33mUse map.has-key instead.[39m[22m
<w> [1m[33m[39m[22m
<w> [1m[33mMore info and automated migrator: https://sass-lang.com/d/import[39m[22m
<w> [1m[33m[39m[22m
<w> [1m[33msrc\assets\scss\helper\_media-queries.scss 17:7  media-min()[39m[22m
<w> [1m[33msrc\assets\scss\views\guest\_guest.scss 1535:9   @import[39m[22m
<w> [1m[33msrc\assets\scss\main.scss 23:9                   root stylesheet[39m[22m
<w> [1m[33m[39m[22m
<w> [1m[33mDeprecation Global built-in functions are deprecated and will be removed in Dart Sass 3.0.0.[39m[22m
<w> [1m[33mUse map.get instead.[39m[22m
<w> [1m[33m[39m[22m
<w> [1m[33mMore info and automated migrator: https://sass-lang.com/d/import[39m[22m
<w> [1m[33m[39m[22m
<w> [1m[33msrc\assets\scss\helper\_media-queries.scss 19:24  media-min()[39m[22m
<w> [1m[33msrc\assets\scss\views\guest\_guest.scss 1535:9    @import[39m[22m
<w> [1m[33msrc\assets\scss\main.scss 23:9                    root stylesheet[39m[22m
<w> [1m[33m[39m[22m
<w> [1m[33m21 repetitive deprecation warnings omitted.[39m[22m
<w> [1m[33m[39m[22m
<w> [1m[33mnull[39m[22m

webpack compiled [1m[32msuccessfully[39m[22m
Compiling...
Compiled successfully!
[1mLOG from ./node_modules/sass-loader/dist/cjs.js sass-loader ./node_modules/css-loader/dist/cjs.js??ruleSet[1].rules[1].oneOf[7].use[1]!./node_modules/postcss-loader/dist/cjs.js??ruleSet[1].rules[1].oneOf[7].use[2]!./node_modules/resolve-url-loader/index.js??ruleSet[1].rules[1].oneOf[7].use[3]!./node_modules/sass-loader/dist/cjs.js??ruleSet[1].rules[1].oneOf[7].use[4]!./src/assets/scss/main.scss[39m[22m
<w> [1m[33mDeprecation The legacy JS API is deprecated and will be removed in Dart Sass 2.0.0.[39m[22m
<w> [1m[33m[39m[22m
<w> [1m[33mMore info: https://sass-lang.com/d/legacy-js-api[39m[22m
<w> [1m[33m[39m[22m
<w> [1m[33mnull[39m[22m
<w> [1m[33mDeprecation Sass @import rules are deprecated and will be removed in Dart Sass 3.0.0.[39m[22m
<w> [1m[33m[39m[22m
<w> [1m[33mMore info and automated migrator: https://sass-lang.com/d/import[39m[22m
<w> [1m[33m[39m[22m
<w> [1m[33msrc\assets\scss\main.scss 2:9  root stylesheet[39m[22m
<w> [1m[33m[39m[22m
<w> [1m[33mDeprecation Sass @import rules are deprecated and will be removed in Dart Sass 3.0.0.[39m[22m
<w> [1m[33m[39m[22m
<w> [1m[33mMore info and automated migrator: https://sass-lang.com/d/import[39m[22m
<w> [1m[33m[39m[22m
<w> [1m[33msrc\assets\scss\main.scss 3:9  root stylesheet[39m[22m
<w> [1m[33m[39m[22m
<w> [1m[33mDeprecation Sass @import rules are deprecated and will be removed in Dart Sass 3.0.0.[39m[22m
<w> [1m[33m[39m[22m
<w> [1m[33mMore info and automated migrator: https://sass-lang.com/d/import[39m[22m
<w> [1m[33m[39m[22m
<w> [1m[33msrc\assets\scss\main.scss 4:9  root stylesheet[39m[22m
<w> [1m[33m[39m[22m
<w> [1m[33mDeprecation Sass @import rules are deprecated and will be removed in Dart Sass 3.0.0.[39m[22m
<w> [1m[33m[39m[22m
<w> [1m[33mMore info and automated migrator: https://sass-lang.com/d/import[39m[22m
<w> [1m[33m[39m[22m
<w> [1m[33msrc\assets\scss\main.scss 7:9  root stylesheet[39m[22m
<w> [1m[33m[39m[22m
<w> [1m[33mDeprecation Sass @import rules are deprecated and will be removed in Dart Sass 3.0.0.[39m[22m
<w> [1m[33m[39m[22m
<w> [1m[33mMore info and automated migrator: https://sass-lang.com/d/import[39m[22m
<w> [1m[33m[39m[22m
<w> [1m[33msrc\assets\scss\main.scss 8:9  root stylesheet[39m[22m
<w> [1m[33m[39m[22m
<w> [1m[33mDeprecation Global built-in functions are deprecated and will be removed in Dart Sass 3.0.0.[39m[22m
<w> [1m[33mUse map.has-key instead.[39m[22m
<w> [1m[33m[39m[22m
<w> [1m[33mMore info and automated migrator: https://sass-lang.com/d/import[39m[22m
<w> [1m[33m[39m[22m
<w> [1m[33msrc\assets\scss\helper\_media-queries.scss 2:7              media-max()[39m[22m
<w> [1m[33msrc\assets\scss\components\header\_header-public.scss 53:1  @import[39m[22m
<w> [1m[33msrc\assets\scss\main.scss 16:9                              root stylesheet[39m[22m
<w> [1m[33m[39m[22m
<w> [1m[33mDeprecation Global built-in functions are deprecated and will be removed in Dart Sass 3.0.0.[39m[22m
<w> [1m[33mUse map.get instead.[39m[22m
<w> [1m[33m[39m[22m
<w> [1m[33mMore info and automated migrator: https://sass-lang.com/d/import[39m[22m
<w> [1m[33m[39m[22m
<w> [1m[33msrc\assets\scss\helper\_media-queries.scss 4:24             media-max()[39m[22m
<w> [1m[33msrc\assets\scss\components\header\_header-public.scss 53:1  @import[39m[22m
<w> [1m[33msrc\assets\scss\main.scss 16:9                              root stylesheet[39m[22m
<w> [1m[33m[39m[22m
<w> [1m[33mDeprecation Global built-in functions are deprecated and will be removed in Dart Sass 3.0.0.[39m[22m
<w> [1m[33mUse map.has-key instead.[39m[22m
<w> [1m[33m[39m[22m
<w> [1m[33mMore info and automated migrator: https://sass-lang.com/d/import[39m[22m
<w> [1m[33m[39m[22m
<w> [1m[33msrc\assets\scss\helper\_media-queries.scss 17:7  media-min()[39m[22m
<w> [1m[33msrc\assets\scss\views\guest\_guest.scss 1542:9   @import[39m[22m
<w> [1m[33msrc\assets\scss\main.scss 23:9                   root stylesheet[39m[22m
<w> [1m[33m[39m[22m
<w> [1m[33mDeprecation Global built-in functions are deprecated and will be removed in Dart Sass 3.0.0.[39m[22m
<w> [1m[33mUse map.get instead.[39m[22m
<w> [1m[33m[39m[22m
<w> [1m[33mMore info and automated migrator: https://sass-lang.com/d/import[39m[22m
<w> [1m[33m[39m[22m
<w> [1m[33msrc\assets\scss\helper\_media-queries.scss 19:24  media-min()[39m[22m
<w> [1m[33msrc\assets\scss\views\guest\_guest.scss 1542:9    @import[39m[22m
<w> [1m[33msrc\assets\scss\main.scss 23:9                    root stylesheet[39m[22m
<w> [1m[33m[39m[22m
<w> [1m[33m21 repetitive deprecation warnings omitted.[39m[22m
<w> [1m[33m[39m[22m
<w> [1m[33mnull[39m[22m

webpack compiled [1m[32msuccessfully[39m[22m
Compiling...
Compiled successfully!
[1mLOG from ./node_modules/sass-loader/dist/cjs.js sass-loader ./node_modules/css-loader/dist/cjs.js??ruleSet[1].rules[1].oneOf[7].use[1]!./node_modules/postcss-loader/dist/cjs.js??ruleSet[1].rules[1].oneOf[7].use[2]!./node_modules/resolve-url-loader/index.js??ruleSet[1].rules[1].oneOf[7].use[3]!./node_modules/sass-loader/dist/cjs.js??ruleSet[1].rules[1].oneOf[7].use[4]!./src/assets/scss/main.scss[39m[22m
<w> [1m[33mDeprecation The legacy JS API is deprecated and will be removed in Dart Sass 2.0.0.[39m[22m
<w> [1m[33m[39m[22m
<w> [1m[33mMore info: https://sass-lang.com/d/legacy-js-api[39m[22m
<w> [1m[33m[39m[22m
<w> [1m[33mnull[39m[22m
<w> [1m[33mDeprecation Sass @import rules are deprecated and will be removed in Dart Sass 3.0.0.[39m[22m
<w> [1m[33m[39m[22m
<w> [1m[33mMore info and automated migrator: https://sass-lang.com/d/import[39m[22m
<w> [1m[33m[39m[22m
<w> [1m[33msrc\assets\scss\main.scss 2:9  root stylesheet[39m[22m
<w> [1m[33m[39m[22m
<w> [1m[33mDeprecation Sass @import rules are deprecated and will be removed in Dart Sass 3.0.0.[39m[22m
<w> [1m[33m[39m[22m
<w> [1m[33mMore info and automated migrator: https://sass-lang.com/d/import[39m[22m
<w> [1m[33m[39m[22m
<w> [1m[33msrc\assets\scss\main.scss 3:9  root stylesheet[39m[22m
<w> [1m[33m[39m[22m
<w> [1m[33mDeprecation Sass @import rules are deprecated and will be removed in Dart Sass 3.0.0.[39m[22m
<w> [1m[33m[39m[22m
<w> [1m[33mMore info and automated migrator: https://sass-lang.com/d/import[39m[22m
<w> [1m[33m[39m[22m
<w> [1m[33msrc\assets\scss\main.scss 4:9  root stylesheet[39m[22m
<w> [1m[33m[39m[22m
<w> [1m[33mDeprecation Sass @import rules are deprecated and will be removed in Dart Sass 3.0.0.[39m[22m
<w> [1m[33m[39m[22m
<w> [1m[33mMore info and automated migrator: https://sass-lang.com/d/import[39m[22m
<w> [1m[33m[39m[22m
<w> [1m[33msrc\assets\scss\main.scss 7:9  root stylesheet[39m[22m
<w> [1m[33m[39m[22m
<w> [1m[33mDeprecation Sass @import rules are deprecated and will be removed in Dart Sass 3.0.0.[39m[22m
<w> [1m[33m[39m[22m
<w> [1m[33mMore info and automated migrator: https://sass-lang.com/d/import[39m[22m
<w> [1m[33m[39m[22m
<w> [1m[33msrc\assets\scss\main.scss 8:9  root stylesheet[39m[22m
<w> [1m[33m[39m[22m
<w> [1m[33mDeprecation Global built-in functions are deprecated and will be removed in Dart Sass 3.0.0.[39m[22m
<w> [1m[33mUse map.has-key instead.[39m[22m
<w> [1m[33m[39m[22m
<w> [1m[33mMore info and automated migrator: https://sass-lang.com/d/import[39m[22m
<w> [1m[33m[39m[22m
<w> [1m[33msrc\assets\scss\helper\_media-queries.scss 2:7              media-max()[39m[22m
<w> [1m[33msrc\assets\scss\components\header\_header-public.scss 53:1  @import[39m[22m
<w> [1m[33msrc\assets\scss\main.scss 16:9                              root stylesheet[39m[22m
<w> [1m[33m[39m[22m
<w> [1m[33mDeprecation Global built-in functions are deprecated and will be removed in Dart Sass 3.0.0.[39m[22m
<w> [1m[33mUse map.get instead.[39m[22m
<w> [1m[33m[39m[22m
<w> [1m[33mMore info and automated migrator: https://sass-lang.com/d/import[39m[22m
<w> [1m[33m[39m[22m
<w> [1m[33msrc\assets\scss\helper\_media-queries.scss 4:24             media-max()[39m[22m
<w> [1m[33msrc\assets\scss\components\header\_header-public.scss 53:1  @import[39m[22m
<w> [1m[33msrc\assets\scss\main.scss 16:9                              root stylesheet[39m[22m
<w> [1m[33m[39m[22m
<w> [1m[33mDeprecation Global built-in functions are deprecated and will be removed in Dart Sass 3.0.0.[39m[22m
<w> [1m[33mUse map.has-key instead.[39m[22m
<w> [1m[33m[39m[22m
<w> [1m[33mMore info and automated migrator: https://sass-lang.com/d/import[39m[22m
<w> [1m[33m[39m[22m
<w> [1m[33msrc\assets\scss\helper\_media-queries.scss 17:7  media-min()[39m[22m
<w> [1m[33msrc\assets\scss\views\guest\_guest.scss 1542:9   @import[39m[22m
<w> [1m[33msrc\assets\scss\main.scss 23:9                   root stylesheet[39m[22m
<w> [1m[33m[39m[22m
<w> [1m[33mDeprecation Global built-in functions are deprecated and will be removed in Dart Sass 3.0.0.[39m[22m
<w> [1m[33mUse map.get instead.[39m[22m
<w> [1m[33m[39m[22m
<w> [1m[33mMore info and automated migrator: https://sass-lang.com/d/import[39m[22m
<w> [1m[33m[39m[22m
<w> [1m[33msrc\assets\scss\helper\_media-queries.scss 19:24  media-min()[39m[22m
<w> [1m[33msrc\assets\scss\views\guest\_guest.scss 1542:9    @import[39m[22m
<w> [1m[33msrc\assets\scss\main.scss 23:9                    root stylesheet[39m[22m
<w> [1m[33m[39m[22m
<w> [1m[33m21 repetitive deprecation warnings omitted.[39m[22m
<w> [1m[33m[39m[22m
<w> [1m[33mnull[39m[22m

webpack compiled [1m[32msuccessfully[39m[22m
